work_date,week_start,month,shift,department,orders_picked,accurate_orders,units_picked,labor_hours,quality_defects,safety_incidents
2025-01-01,2024-12-30,2025-01,Day,Inbound,2552,2532,8165,79.4,26,0
2025-01-01,2024-12-30,2025-01,Night,Inbound,3040,3006,9727,111.8,37,0
2025-01-01,2024-12-30,2025-01,Day,Pick,2909,2896,9309,80.0,41,0
2025-01-01,2024-12-30,2025-01,Night,Pick,3560,3517,11393,104.9,38,0
2025-01-01,2024-12-30,2025-01,Day,Pack,3358,3349,10746,85.8,26,0
2025-01-01,2024-12-30,2025-01,Night,Pack,2752,2746,8807,75.3,18,0
2025-01-01,2024-12-30,2025-01,Day,Ship,3297,3273,10550,102.1,36,0
2025-01-01,2024-12-30,2025-01,Night,Ship,3086,3075,9875,89.8,28,0
2025-01-01,2024-12-30,2025-01,Day,Returns,2428,2375,7770,115.2,77,0
2025-01-01,2024-12-30,2025-01,Night,Returns,1890,1855,6048,104.1,46,0
2025-01-02,2024-12-30,2025-01,Day,Inbound,3081,3069,9859,119.0,43,0
2025-01-02,2024-12-30,2025-01,Night,Inbound,3658,3625,11704,126.4,48,0
2025-01-02,2024-12-30,2025-01,Day,Pick,3368,3357,10779,89.3,32,0
2025-01-02,2024-12-30,2025-01,Night,Pick,3714,3697,11885,124.0,44,0
2025-01-02,2024-12-30,2025-01,Day,Pack,4228,4223,13528,101.9,42,0
2025-01-02,2024-12-30,2025-01,Night,Pack,2734,2716,8748,67.2,16,0
2025-01-02,2024-12-30,2025-01,Day,Ship,2978,2975,9528,77.8,23,0
2025-01-02,2024-12-30,2025-01,Night,Ship,2291,2279,7332,79.9,18,0
2025-01-02,2024-12-30,2025-01,Day,Returns,2692,2644,8615,113.8,75,0
2025-01-02,2024-12-30,2025-01,Night,Returns,1334,1309,4268,67.8,56,0
2025-01-03,2024-12-30,2025-01,Day,Inbound,2378,2346,7609,74.1,24,0
2025-01-03,2024-12-30,2025-01,Night,Inbound,2398,2387,7673,98.3,21,0
2025-01-03,2024-12-30,2025-01,Day,Pick,3904,3861,12492,110.1,31,0
2025-01-03,2024-12-30,2025-01,Night,Pick,3849,3831,12318,104.9,29,1
2025-01-03,2024-12-30,2025-01,Day,Pack,4517,4486,14455,103.8,27,0
2025-01-03,2024-12-30,2025-01,Night,Pack,3458,3427,11064,92.8,35,0
2025-01-03,2024-12-30,2025-01,Day,Ship,2812,2788,8997,86.4,29,0
2025-01-03,2024-12-30,2025-01,Night,Ship,2916,2882,9331,90.7,28,0
2025-01-03,2024-12-30,2025-01,Day,Returns,2790,2743,8929,119.6,94,0
2025-01-03,2024-12-30,2025-01,Night,Returns,1266,1250,4051,67.1,27,0
2025-01-04,2024-12-30,2025-01,Day,Inbound,1691,1675,5410,62.1,21,0
2025-01-04,2024-12-30,2025-01,Night,Inbound,1568,1553,5019,58.3,22,0
2025-01-04,2024-12-30,2025-01,Day,Pick,2271,2262,7266,66.8,26,0
2025-01-04,2024-12-30,2025-01,Night,Pick,3370,3363,10783,89.4,25,0
2025-01-04,2024-12-30,2025-01,Day,Pack,4809,4780,15388,108.7,31,0
2025-01-04,2024-12-30,2025-01,Night,Pack,2849,2848,9116,79.8,27,0
2025-01-04,2024-12-30,2025-01,Day,Ship,2439,2402,7805,66.6,14,0
2025-01-04,2024-12-30,2025-01,Night,Ship,2135,2112,6832,72.4,11,0
2025-01-04,2024-12-30,2025-01,Day,Returns,1722,1693,5512,73.3,61,0
2025-01-04,2024-12-30,2025-01,Night,Returns,1809,1764,5789,84.1,31,0
2025-01-05,2024-12-30,2025-01,Day,Inbound,2042,2036,6535,74.5,19,0
2025-01-05,2024-12-30,2025-01,Night,Inbound,2089,2070,6685,85.9,22,0
2025-01-05,2024-12-30,2025-01,Day,Pick,3674,3655,11756,106.9,28,0
2025-01-05,2024-12-30,2025-01,Night,Pick,2405,2386,7697,71.0,15,0
2025-01-05,2024-12-30,2025-01,Day,Pack,3728,3713,11930,89.5,20,0
2025-01-05,2024-12-30,2025-01,Night,Pack,2858,2840,9144,72.2,24,0
2025-01-05,2024-12-30,2025-01,Day,Ship,2065,2055,6609,58.1,16,0
2025-01-05,2024-12-30,2025-01,Night,Ship,2963,2946,9481,96.0,25,0
2025-01-05,2024-12-30,2025-01,Day,Returns,2271,2231,7267,98.1,84,0
2025-01-05,2024-12-30,2025-01,Night,Returns,1803,1770,5770,78.8,52,0
2025-01-06,2025-01-06,2025-01,Day,Inbound,2735,2718,8751,95.8,25,0
2025-01-06,2025-01-06,2025-01,Night,Inbound,3403,3383,10890,117.2,36,0
2025-01-06,2025-01-06,2025-01,Day,Pick,3824,3802,12238,103.0,31,0
2025-01-06,2025-01-06,2025-01,Night,Pick,3895,3860,12465,124.0,36,0
2025-01-06,2025-01-06,2025-01,Day,Pack,4287,4254,13717,109.1,31,0
2025-01-06,2025-01-06,2025-01,Night,Pack,4002,3983,12808,86.4,17,0
2025-01-06,2025-01-06,2025-01,Day,Ship,3937,3879,12598,110.6,45,0
2025-01-06,2025-01-06,2025-01,Night,Ship,3113,3103,9963,91.8,16,0
2025-01-06,2025-01-06,2025-01,Day,Returns,2321,2268,7427,108.7,75,0
2025-01-06,2025-01-06,2025-01,Night,Returns,1669,1642,5340,98.4,48,0
2025-01-07,2025-01-06,2025-01,Day,Inbound,2334,2332,7468,87.2,27,0
2025-01-07,2025-01-06,2025-01,Night,Inbound,2028,2012,6491,66.7,16,0
2025-01-07,2025-01-06,2025-01,Day,Pick,3077,3067,9846,83.1,18,0
2025-01-07,2025-01-06,2025-01,Night,Pick,3508,3481,11227,108.2,33,0
2025-01-07,2025-01-06,2025-01,Day,Pack,3679,3668,11772,82.7,33,0
2025-01-07,2025-01-06,2025-01,Night,Pack,2641,2628,8452,71.2,25,0
2025-01-07,2025-01-06,2025-01,Day,Ship,2594,2568,8300,77.4,20,0
2025-01-07,2025-01-06,2025-01,Night,Ship,2928,2928,9368,94.3,14,0
2025-01-07,2025-01-06,2025-01,Day,Returns,1934,1890,6189,84.4,70,0
2025-01-07,2025-01-06,2025-01,Night,Returns,1733,1705,5547,84.9,32,0
2025-01-08,2025-01-06,2025-01,Day,Inbound,2438,2407,7800,87.9,32,0
2025-01-08,2025-01-06,2025-01,Night,Inbound,2043,2029,6539,79.2,19,0
2025-01-08,2025-01-06,2025-01,Day,Pick,3815,3774,12207,101.9,37,0
2025-01-08,2025-01-06,2025-01,Night,Pick,3352,3334,10725,89.7,43,0
2025-01-08,2025-01-06,2025-01,Day,Pack,5350,5330,17120,127.4,32,0
2025-01-08,2025-01-06,2025-01,Night,Pack,3118,3102,9976,74.2,27,0
2025-01-08,2025-01-06,2025-01,Day,Ship,2498,2475,7995,65.7,19,0
2025-01-08,2025-01-06,2025-01,Night,Ship,2797,2780,8951,92.6,35,0
2025-01-08,2025-01-06,2025-01,Day,Returns,2411,2364,7716,97.7,87,0
2025-01-08,2025-01-06,2025-01,Night,Returns,1780,1741,5695,90.9,50,0
2025-01-09,2025-01-06,2025-01,Day,Inbound,3186,3180,10194,113.5,38,0
2025-01-09,2025-01-06,2025-01,Night,Inbound,2456,2444,7860,88.7,35,0
2025-01-09,2025-01-06,2025-01,Day,Pick,3930,3872,12576,89.3,55,0
2025-01-09,2025-01-06,2025-01,Night,Pick,3185,3163,10191,95.8,35,0
2025-01-09,2025-01-06,2025-01,Day,Pack,4822,4817,15429,109.4,33,0
2025-01-09,2025-01-06,2025-01,Night,Pack,3258,3245,10426,80.9,19,0
2025-01-09,2025-01-06,2025-01,Day,Ship,2468,2454,7898,69.7,21,0
2025-01-09,2025-01-06,2025-01,Night,Ship,3603,3548,11531,120.2,38,0
2025-01-09,2025-01-06,2025-01,Day,Returns,1923,1892,6153,87.7,75,0
2025-01-09,2025-01-06,2025-01,Night,Returns,2580,2531,8256,128.0,76,0
2025-01-10,2025-01-06,2025-01,Day,Inbound,2642,2614,8453,82.3,48,0
2025-01-10,2025-01-06,2025-01,Night,Inbound,2019,1996,6462,82.7,20,0
2025-01-10,2025-01-06,2025-01,Day,Pick,3819,3797,12222,105.1,44,0
2025-01-10,2025-01-06,2025-01,Night,Pick,2371,2370,7586,66.8,21,0
2025-01-10,2025-01-06,2025-01,Day,Pack,4004,3991,12814,98.2,35,0
2025-01-10,2025-01-06,2025-01,Night,Pack,3906,3889,12500,101.6,35,0
2025-01-10,2025-01-06,2025-01,Day,Ship,4274,4214,13677,110.5,44,0
2025-01-10,2025-01-06,2025-01,Night,Ship,2343,2339,7499,70.4,14,0
2025-01-10,2025-01-06,2025-01,Day,Returns,1549,1515,4957,76.3,61,0
2025-01-10,2025-01-06,2025-01,Night,Returns,1408,1395,4506,76.9,38,0
2025-01-11,2025-01-06,2025-01,Day,Inbound,2676,2660,8563,96.7,17,0
2025-01-11,2025-01-06,2025-01,Night,Inbound,1701,1691,5444,68.2,20,0
2025-01-11,2025-01-06,2025-01,Day,Pick,2801,2791,8962,75.5,34,0
2025-01-11,2025-01-06,2025-01,Night,Pick,3336,3300,10674,104.3,47,0
2025-01-11,2025-01-06,2025-01,Day,Pack,4030,4014,12897,86.7,41,0
2025-01-11,2025-01-06,2025-01,Night,Pack,2214,2214,7086,58.0,20,0
2025-01-11,2025-01-06,2025-01,Day,Ship,1970,1964,6304,60.1,26,0
2025-01-11,2025-01-06,2025-01,Night,Ship,2028,2012,6489,78.5,19,0
2025-01-11,2025-01-06,2025-01,Day,Returns,1707,1679,5463,74.9,61,0
2025-01-11,2025-01-06,2025-01,Night,Returns,1301,1283,4162,62.5,47,0
2025-01-12,2025-01-06,2025-01,Day,Inbound,2255,2233,7215,81.0,22,0
2025-01-12,2025-01-06,2025-01,Night,Inbound,1904,1899,6093,68.3,18,0
2025-01-12,2025-01-06,2025-01,Day,Pick,3265,3265,10447,93.6,36,0
2025-01-12,2025-01-06,2025-01,Night,Pick,2544,2521,8142,76.9,32,0
2025-01-12,2025-01-06,2025-01,Day,Pack,3829,3818,12254,101.5,28,0
2025-01-12,2025-01-06,2025-01,Night,Pack,2417,2397,7734,55.1,22,0
2025-01-12,2025-01-06,2025-01,Day,Ship,2693,2670,8619,82.0,22,0
2025-01-12,2025-01-06,2025-01,Night,Ship,1926,1920,6164,61.5,7,0
2025-01-12,2025-01-06,2025-01,Day,Returns,1428,1404,4569,60.7,52,0
2025-01-12,2025-01-06,2025-01,Night,Returns,1353,1325,4329,68.0,40,0
2025-01-13,2025-01-13,2025-01,Day,Inbound,3418,3386,10937,118.5,40,0
2025-01-13,2025-01-13,2025-01,Night,Inbound,3587,3563,11477,122.2,27,0
2025-01-13,2025-01-13,2025-01,Day,Pick,3959,3918,12670,98.0,38,0
2025-01-13,2025-01-13,2025-01,Night,Pick,4384,4336,14030,125.0,36,0
2025-01-13,2025-01-13,2025-01,Day,Pack,5041,5033,16132,112.2,22,0
2025-01-13,2025-01-13,2025-01,Night,Pack,2393,2393,7657,65.7,12,0
2025-01-13,2025-01-13,2025-01,Day,Ship,2636,2621,8436,81.3,32,0
2025-01-13,2025-01-13,2025-01,Night,Ship,3460,3450,11073,103.2,11,0
2025-01-13,2025-01-13,2025-01,Day,Returns,1694,1654,5421,80.5,30,0
2025-01-13,2025-01-13,2025-01,Night,Returns,1286,1258,4114,64.9,35,0
2025-01-14,2025-01-13,2025-01,Day,Inbound,1934,1923,6188,66.3,15,0
2025-01-14,2025-01-13,2025-01,Night,Inbound,2737,2720,8757,97.6,27,0
2025-01-14,2025-01-13,2025-01,Day,Pick,4668,4652,14938,116.0,72,0
2025-01-14,2025-01-13,2025-01,Night,Pick,4581,4565,14658,125.8,49,0
2025-01-14,2025-01-13,2025-01,Day,Pack,3037,3011,9719,73.6,21,0
2025-01-14,2025-01-13,2025-01,Night,Pack,3238,3211,10360,75.7,32,0
2025-01-14,2025-01-13,2025-01,Day,Ship,2579,2566,8252,68.4,26,0
2025-01-14,2025-01-13,2025-01,Night,Ship,3961,3928,12676,125.2,25,0
2025-01-14,2025-01-13,2025-01,Day,Returns,2063,2033,6602,93.4,68,0
2025-01-14,2025-01-13,2025-01,Night,Returns,2078,2056,6651,106.7,53,0
2025-01-15,2025-01-13,2025-01,Day,Inbound,3177,3152,10166,115.9,39,0
2025-01-15,2025-01-13,2025-01,Night,Inbound,2070,2056,6625,82.7,22,0
2025-01-15,2025-01-13,2025-01,Day,Pick,2442,2415,7814,66.6,22,0
2025-01-15,2025-01-13,2025-01,Night,Pick,2168,2147,6939,72.4,20,0
2025-01-15,2025-01-13,2025-01,Day,Pack,5817,5804,18613,126.9,57,0
2025-01-15,2025-01-13,2025-01,Night,Pack,2818,2798,9017,70.9,28,0
2025-01-15,2025-01-13,2025-01,Day,Ship,3726,3692,11924,114.3,32,0
2025-01-15,2025-01-13,2025-01,Night,Ship,2848,2844,9114,89.8,17,0
2025-01-15,2025-01-13,2025-01,Day,Returns,2350,2322,7521,111.6,60,0
2025-01-15,2025-01-13,2025-01,Night,Returns,1632,1603,5221,81.6,61,0
2025-01-16,2025-01-13,2025-01,Day,Inbound,2493,2475,7978,79.6,42,0
2025-01-16,2025-01-13,2025-01,Night,Inbound,3451,3405,11044,128.7,38,0
2025-01-16,2025-01-13,2025-01,Day,Pick,4374,4306,13998,115.4,42,0
2025-01-16,2025-01-13,2025-01,Night,Pick,3110,3108,9953,91.1,14,0
2025-01-16,2025-01-13,2025-01,Day,Pack,3619,3600,11582,80.8,30,0
2025-01-16,2025-01-13,2025-01,Night,Pack,4206,4197,13458,99.1,44,0
2025-01-16,2025-01-13,2025-01,Day,Ship,2296,2287,7348,66.7,26,0
2025-01-16,2025-01-13,2025-01,Night,Ship,2315,2307,7408,81.5,29,0
2025-01-16,2025-01-13,2025-01,Day,Returns,1618,1601,5178,78.8,57,0
2025-01-16,2025-01-13,2025-01,Night,Returns,1623,1602,5195,86.6,42,0
2025-01-17,2025-01-13,2025-01,Day,Inbound,2216,2199,7091,78.1,27,0
2025-01-17,2025-01-13,2025-01,Night,Inbound,2061,2047,6594,74.9,25,0
2025-01-17,2025-01-13,2025-01,Day,Pick,3236,3226,10355,85.8,37,0
2025-01-17,2025-01-13,2025-01,Night,Pick,4470,4438,14303,124.2,55,0
2025-01-17,2025-01-13,2025-01,Day,Pack,3221,3215,10306,68.5,32,0
2025-01-17,2025-01-13,2025-01,Night,Pack,4012,4011,12837,103.0,33,0
2025-01-17,2025-01-13,2025-01,Day,Ship,2364,2348,7565,68.4,20,0
2025-01-17,2025-01-13,2025-01,Night,Ship,3612,3573,11559,126.7,31,0
2025-01-17,2025-01-13,2025-01,Day,Returns,2287,2241,7318,99.7,60,0
2025-01-17,2025-01-13,2025-01,Night,Returns,2570,2523,8225,128.4,75,0
2025-01-18,2025-01-13,2025-01,Day,Inbound,2264,2244,7245,82.4,26,0
2025-01-18,2025-01-13,2025-01,Night,Inbound,2058,2048,6584,87.4,28,0
2025-01-18,2025-01-13,2025-01,Day,Pick,2917,2885,9333,80.4,9,0
2025-01-18,2025-01-13,2025-01,Night,Pick,2688,2666,8602,78.1,23,0
2025-01-18,2025-01-13,2025-01,Day,Pack,3671,3664,11747,91.0,30,0
2025-01-18,2025-01-13,2025-01,Night,Pack,2821,2785,9026,70.8,19,0
2025-01-18,2025-01-13,2025-01,Day,Ship,2748,2725,8794,79.1,21,0
2025-01-18,2025-01-13,2025-01,Night,Ship,3058,3043,9786,97.8,29,0
2025-01-18,2025-01-13,2025-01,Day,Returns,1857,1819,5943,96.2,35,0
2025-01-18,2025-01-13,2025-01,Night,Returns,1070,1053,3424,58.9,28,0
2025-01-19,2025-01-13,2025-01,Day,Inbound,2713,2705,8681,82.3,17,0
2025-01-19,2025-01-13,2025-01,Night,Inbound,1504,1489,4814,61.1,17,0
2025-01-19,2025-01-13,2025-01,Day,Pick,2305,2296,7375,57.3,22,0
2025-01-19,2025-01-13,2025-01,Night,Pick,2782,2763,8903,90.4,25,0
2025-01-19,2025-01-13,2025-01,Day,Pack,2770,2746,8863,61.9,20,0
2025-01-19,2025-01-13,2025-01,Night,Pack,2300,2299,7359,64.4,26,0
2025-01-19,2025-01-13,2025-01,Day,Ship,2775,2755,8881,83.3,36,0
2025-01-19,2025-01-13,2025-01,Night,Ship,2118,2110,6777,63.4,31,0
2025-01-19,2025-01-13,2025-01,Day,Returns,1842,1807,5896,84.8,60,0
2025-01-19,2025-01-13,2025-01,Night,Returns,1907,1872,6102,95.3,60,0
2025-01-20,2025-01-20,2025-01,Day,Inbound,3344,3310,10702,108.5,21,0
2025-01-20,2025-01-20,2025-01,Night,Inbound,2135,2123,6832,76.6,22,0
2025-01-20,2025-01-20,2025-01,Day,Pick,3492,3478,11173,82.0,41,0
2025-01-20,2025-01-20,2025-01,Night,Pick,2638,2616,8441,78.8,31,0
2025-01-20,2025-01-20,2025-01,Day,Pack,5380,5326,17216,125.4,42,0
2025-01-20,2025-01-20,2025-01,Night,Pack,3904,3878,12493,97.9,24,0
2025-01-20,2025-01-20,2025-01,Day,Ship,4336,4336,13874,127.2,11,0
2025-01-20,2025-01-20,2025-01,Night,Ship,3218,3200,10296,113.4,17,0
2025-01-20,2025-01-20,2025-01,Day,Returns,2353,2299,7531,109.8,82,0
2025-01-20,2025-01-20,2025-01,Night,Returns,1914,1879,6125,94.0,32,0
2025-01-21,2025-01-20,2025-01,Day,Inbound,2853,2842,9131,102.3,18,0
2025-01-21,2025-01-20,2025-01,Night,Inbound,3196,3161,10227,125.4,35,0
2025-01-21,2025-01-20,2025-01,Day,Pick,2974,2947,9516,85.4,29,0
2025-01-21,2025-01-20,2025-01,Night,Pick,3674,3648,11756,106.5,44,0
2025-01-21,2025-01-20,2025-01,Day,Pack,3708,3706,11864,79.1,35,0
2025-01-21,2025-01-20,2025-01,Night,Pack,5691,5657,18211,127.0,37,0
2025-01-21,2025-01-20,2025-01,Day,Ship,3272,3246,10471,88.8,22,0
2025-01-21,2025-01-20,2025-01,Night,Ship,4137,4116,13238,118.2,56,0
2025-01-21,2025-01-20,2025-01,Day,Returns,2447,2423,7830,110.2,102,0
2025-01-21,2025-01-20,2025-01,Night,Returns,2088,2056,6681,128.6,55,0
2025-01-22,2025-01-20,2025-01,Day,Inbound,2347,2304,7510,66.6,26,0
2025-01-22,2025-01-20,2025-01,Night,Inbound,2399,2371,7678,86.0,20,0
2025-01-22,2025-01-20,2025-01,Day,Pick,3443,3415,11017,94.5,35,0
2025-01-22,2025-01-20,2025-01,Night,Pick,2777,2753,8887,83.8,29,0
2025-01-22,2025-01-20,2025-01,Day,Pack,3011,2983,9634,68.5,21,0
2025-01-22,2025-01-20,2025-01,Night,Pack,5454,5405,17452,128.2,50,0
2025-01-22,2025-01-20,2025-01,Day,Ship,4235,4213,13553,118.3,37,0
2025-01-22,2025-01-20,2025-01,Night,Ship,3657,3621,11701,113.5,20,0
2025-01-22,2025-01-20,2025-01,Day,Returns,1351,1336,4324,70.1,41,0
2025-01-22,2025-01-20,2025-01,Night,Returns,2002,1964,6405,104.6,66,0
2025-01-23,2025-01-20,2025-01,Day,Inbound,1918,1903,6137,64.4,31,0
2025-01-23,2025-01-20,2025-01,Night,Inbound,1815,1788,5808,68.1,25,0
2025-01-23,2025-01-20,2025-01,Day,Pick,3304,3277,10572,90.2,31,0
2025-01-23,2025-01-20,2025-01,Night,Pick,3568,3538,11418,101.7,21,0
2025-01-23,2025-01-20,2025-01,Day,Pack,3540,3533,11329,75.7,29,0
2025-01-23,2025-01-20,2025-01,Night,Pack,4545,4532,14544,109.7,40,0
2025-01-23,2025-01-20,2025-01,Day,Ship,2747,2740,8789,83.5,20,0
2025-01-23,2025-01-20,2025-01,Night,Ship,1910,1909,6112,64.4,13,0
2025-01-23,2025-01-20,2025-01,Day,Returns,2023,1989,6475,92.6,35,0
2025-01-23,2025-01-20,2025-01,Night,Returns,1803,1775,5771,86.3,39,0
2025-01-24,2025-01-20,2025-01,Day,Inbound,3895,3854,12465,122.6,44,0
2025-01-24,2025-01-20,2025-01,Night,Inbound,2139,2139,6846,76.7,31,0
2025-01-24,2025-01-20,2025-01,Day,Pick,4228,4217,13531,116.5,34,0
2025-01-24,2025-01-20,2025-01,Night,Pick,2909,2865,9310,86.8,22,0
2025-01-24,2025-01-20,2025-01,Day,Pack,5432,5396,17381,122.5,28,0
2025-01-24,2025-01-20,2025-01,Night,Pack,3745,3711,11985,105.7,29,0
2025-01-24,2025-01-20,2025-01,Day,Ship,3102,3094,9926,85.6,19,0
2025-01-24,2025-01-20,2025-01,Night,Ship,3651,3591,11683,118.9,41,0
2025-01-24,2025-01-20,2025-01,Day,Returns,1586,1552,5075,65.0,44,0
2025-01-24,2025-01-20,2025-01,Night,Returns,2614,2576,8366,128.7,42,0
2025-01-25,2025-01-20,2025-01,Day,Inbound,2195,2177,7024,73.9,16,0
2025-01-25,2025-01-20,2025-01,Night,Inbound,2253,2219,7209,84.7,27,0
2025-01-25,2025-01-20,2025-01,Day,Pick,4112,4098,13157,100.8,29,0
2025-01-25,2025-01-20,2025-01,Night,Pick,2111,2088,6755,64.8,23,0
2025-01-25,2025-01-20,2025-01,Day,Pack,2732,2713,8743,71.3,31,0
2025-01-25,2025-01-20,2025-01,Night,Pack,4233,4183,13546,103.1,45,0
2025-01-25,2025-01-20,2025-01,Day,Ship,2310,2297,7391,70.5,24,0
2025-01-25,2025-01-20,2025-01,Night,Ship,1644,1629,5262,57.8,10,0
2025-01-25,2025-01-20,2025-01,Day,Returns,2165,2130,6927,86.9,48,0
2025-01-25,2025-01-20,2025-01,Night,Returns,1169,1148,3740,60.9,43,0
2025-01-26,2025-01-20,2025-01,Day,Inbound,2706,2693,8659,84.3,31,0
2025-01-26,2025-01-20,2025-01,Night,Inbound,2167,2158,6935,91.3,31,0
2025-01-26,2025-01-20,2025-01,Day,Pick,2546,2527,8147,64.1,31,0
2025-01-26,2025-01-20,2025-01,Night,Pick,2384,2354,7629,68.3,26,0
2025-01-26,2025-01-20,2025-01,Day,Pack,3180,3160,10177,74.9,35,0
2025-01-26,2025-01-20,2025-01,Night,Pack,2788,2776,8920,67.7,25,0
2025-01-26,2025-01-20,2025-01,Day,Ship,2320,2300,7425,62.9,17,0
2025-01-26,2025-01-20,2025-01,Night,Ship,2516,2480,8052,80.7,27,0
2025-01-26,2025-01-20,2025-01,Day,Returns,1410,1384,4511,69.2,42,0
2025-01-26,2025-01-20,2025-01,Night,Returns,1614,1583,5164,79.1,52,0
2025-01-27,2025-01-27,2025-01,Day,Inbound,2739,2718,8765,95.1,27,0
2025-01-27,2025-01-27,2025-01,Night,Inbound,1797,1777,5749,72.7,29,1
2025-01-27,2025-01-27,2025-01,Day,Pick,3504,3490,11212,98.3,24,0
2025-01-27,2025-01-27,2025-01,Night,Pick,3217,3216,10295,92.7,24,0
2025-01-27,2025-01-27,2025-01,Day,Pack,5587,5575,17879,109.0,46,0
2025-01-27,2025-01-27,2025-01,Night,Pack,3476,3449,11124,95.7,29,0
2025-01-27,2025-01-27,2025-01,Day,Ship,3185,3166,10193,86.7,45,1
2025-01-27,2025-01-27,2025-01,Night,Ship,3709,3694,11870,113.3,39,0
2025-01-27,2025-01-27,2025-01,Day,Returns,3057,3008,9781,128.5,127,0
2025-01-27,2025-01-27,2025-01,Night,Returns,1463,1439,4681,77.6,68,0
2025-01-28,2025-01-27,2025-01,Day,Inbound,2275,2249,7279,73.3,24,0
2025-01-28,2025-01-27,2025-01,Night,Inbound,1704,1686,5453,72.3,24,0
2025-01-28,2025-01-27,2025-01,Day,Pick,4269,4269,13660,104.9,25,0
2025-01-28,2025-01-27,2025-01,Night,Pick,2907,2894,9301,94.7,29,0
2025-01-28,2025-01-27,2025-01,Day,Pack,5152,5152,16488,115.5,46,0
2025-01-28,2025-01-27,2025-01,Night,Pack,4054,4022,12972,114.0,28,0
2025-01-28,2025-01-27,2025-01,Day,Ship,4232,4189,13542,125.2,40,0
2025-01-28,2025-01-27,2025-01,Night,Ship,2939,2922,9404,103.2,19,0
2025-01-28,2025-01-27,2025-01,Day,Returns,1662,1633,5318,77.5,31,0
2025-01-28,2025-01-27,2025-01,Night,Returns,1870,1832,5984,92.7,52,0
2025-01-29,2025-01-27,2025-01,Day,Inbound,2982,2971,9542,111.0,31,0
2025-01-29,2025-01-27,2025-01,Night,Inbound,3408,3367,10907,127.4,38,0
2025-01-29,2025-01-27,2025-01,Day,Pick,4710,4687,15073,127.0,48,0
2025-01-29,2025-01-27,2025-01,Night,Pick,3117,3102,9973,94.2,40,0
2025-01-29,2025-01-27,2025-01,Day,Pack,3055,3032,9777,69.0,12,0
2025-01-29,2025-01-27,2025-01,Night,Pack,4465,4451,14289,106.7,35,0
2025-01-29,2025-01-27,2025-01,Day,Ship,3655,3629,11695,109.5,35,0
2025-01-29,2025-01-27,2025-01,Night,Ship,3258,3232,10426,107.2,27,0
2025-01-29,2025-01-27,2025-01,Day,Returns,2255,2218,7217,97.8,83,0
2025-01-29,2025-01-27,2025-01,Night,Returns,1628,1595,5209,84.0,44,0
2025-01-30,2025-01-27,2025-01,Day,Inbound,3502,3499,11208,118.8,29,0
2025-01-30,2025-01-27,2025-01,Night,Inbound,2181,2157,6979,80.2,17,0
2025-01-30,2025-01-27,2025-01,Day,Pick,4274,4259,13676,125.3,37,0
2025-01-30,2025-01-27,2025-01,Night,Pick,3733,3698,11945,113.2,37,0
2025-01-30,2025-01-27,2025-01,Day,Pack,5224,5187,16716,117.3,63,0
2025-01-30,2025-01-27,2025-01,Night,Pack,2996,2964,9586,76.4,30,0
2025-01-30,2025-01-27,2025-01,Day,Ship,3528,3487,11289,116.0,33,0
2025-01-30,2025-01-27,2025-01,Night,Ship,2718,2716,8698,92.8,17,0
2025-01-30,2025-01-27,2025-01,Day,Returns,2389,2334,7645,106.2,64,0
2025-01-30,2025-01-27,2025-01,Night,Returns,2147,2114,6869,114.0,64,0
2025-01-31,2025-01-27,2025-01,Day,Inbound,3352,3294,10726,103.9,41,0
2025-01-31,2025-01-27,2025-01,Night,Inbound,3160,3137,10113,115.8,51,0
2025-01-31,2025-01-27,2025-01,Day,Pick,3768,3751,12059,86.7,48,0
2025-01-31,2025-01-27,2025-01,Night,Pick,2706,2680,8660,72.0,40,0
2025-01-31,2025-01-27,2025-01,Day,Pack,3692,3665,11814,91.4,21,0
2025-01-31,2025-01-27,2025-01,Night,Pack,3409,3409,10909,89.5,36,0
2025-01-31,2025-01-27,2025-01,Day,Ship,3102,3080,9925,80.9,29,0
2025-01-31,2025-01-27,2025-01,Night,Ship,2466,2452,7890,86.2,30,0
2025-01-31,2025-01-27,2025-01,Day,Returns,2815,2746,9008,116.8,96,0
2025-01-31,2025-01-27,2025-01,Night,Returns,1453,1422,4650,83.1,35,0
2025-02-01,2025-01-27,2025-02,Day,Inbound,2280,2276,7295,75.2,23,0
2025-02-01,2025-01-27,2025-02,Night,Inbound,1649,1647,5278,64.6,25,0
2025-02-01,2025-01-27,2025-02,Day,Pick,2754,2742,8813,78.8,27,0
2025-02-01,2025-01-27,2025-02,Night,Pick,2840,2818,9089,97.0,9,0
2025-02-01,2025-01-27,2025-02,Day,Pack,3129,3114,10014,75.1,26,0
2025-02-01,2025-01-27,2025-02,Night,Pack,3652,3638,11687,92.0,18,0
2025-02-01,2025-01-27,2025-02,Day,Ship,2433,2417,7786,73.4,17,0
2025-02-01,2025-01-27,2025-02,Night,Ship,2539,2538,8124,78.2,15,0
2025-02-01,2025-01-27,2025-02,Day,Returns,1448,1422,4634,67.7,47,0
2025-02-01,2025-01-27,2025-02,Night,Returns,1973,1941,6313,94.5,60,0
2025-02-02,2025-01-27,2025-02,Day,Inbound,1963,1944,6283,64.6,26,0
2025-02-02,2025-01-27,2025-02,Night,Inbound,1314,1299,4204,57.4,12,0
2025-02-02,2025-01-27,2025-02,Day,Pick,3954,3932,12653,99.6,33,0
2025-02-02,2025-01-27,2025-02,Night,Pick,2778,2778,8890,81.0,37,0
2025-02-02,2025-01-27,2025-02,Day,Pack,3526,3526,11284,77.1,31,0
2025-02-02,2025-01-27,2025-02,Night,Pack,3410,3397,10912,91.2,23,0
2025-02-02,2025-01-27,2025-02,Day,Ship,1887,1871,6039,55.4,13,0
2025-02-02,2025-01-27,2025-02,Night,Ship,3132,3111,10024,96.8,26,0
2025-02-02,2025-01-27,2025-02,Day,Returns,1460,1430,4673,63.8,39,0
2025-02-02,2025-01-27,2025-02,Night,Returns,1103,1084,3529,60.3,35,0
2025-02-03,2025-02-03,2025-02,Day,Inbound,2065,2050,6609,67.9,0,0
2025-02-03,2025-02-03,2025-02,Night,Inbound,2762,2752,8837,103.6,33,0
2025-02-03,2025-02-03,2025-02,Day,Pick,2942,2937,9414,84.6,24,0
2025-02-03,2025-02-03,2025-02,Night,Pick,3552,3552,11366,112.4,42,0
2025-02-03,2025-02-03,2025-02,Day,Pack,3353,3328,10730,86.2,39,0
2025-02-03,2025-02-03,2025-02,Night,Pack,4374,4347,13997,118.6,61,0
2025-02-03,2025-02-03,2025-02,Day,Ship,2276,2257,7283,67.8,27,0
2025-02-03,2025-02-03,2025-02,Night,Ship,2574,2561,8236,91.1,15,0
2025-02-03,2025-02-03,2025-02,Day,Returns,2167,2128,6933,93.1,49,0
2025-02-03,2025-02-03,2025-02,Night,Returns,1654,1610,5292,80.9,46,0
2025-02-04,2025-02-03,2025-02,Day,Inbound,3459,3437,11070,117.3,38,0
2025-02-04,2025-02-03,2025-02,Night,Inbound,3104,3046,9934,124.6,34,0
2025-02-04,2025-02-03,2025-02,Day,Pick,3153,3112,10090,77.3,31,0
2025-02-04,2025-02-03,2025-02,Night,Pick,2687,2665,8598,79.5,26,0
2025-02-04,2025-02-03,2025-02,Day,Pack,3384,3363,10830,82.9,29,0
2025-02-04,2025-02-03,2025-02,Night,Pack,3698,3698,11834,96.2,35,0
2025-02-04,2025-02-03,2025-02,Day,Ship,2324,2311,7437,71.5,11,0
2025-02-04,2025-02-03,2025-02,Night,Ship,2150,2131,6881,70.5,16,0
2025-02-04,2025-02-03,2025-02,Day,Returns,2594,2538,8302,109.4,52,0
2025-02-04,2025-02-03,2025-02,Night,Returns,2191,2153,7011,97.4,56,0
2025-02-05,2025-02-03,2025-02,Day,Inbound,2589,2565,8285,86.1,28,0
2025-02-05,2025-02-03,2025-02,Night,Inbound,1940,1928,6207,64.5,34,0
2025-02-05,2025-02-03,2025-02,Day,Pick,4195,4156,13425,115.5,39,0
2025-02-05,2025-02-03,2025-02,Night,Pick,3942,3895,12615,123.8,32,0
2025-02-05,2025-02-03,2025-02,Day,Pack,6195,6184,19825,125.3,49,0
2025-02-05,2025-02-03,2025-02,Night,Pack,2773,2771,8873,69.8,20,0
2025-02-05,2025-02-03,2025-02,Day,Ship,2301,2290,7364,67.7,11,0
2025-02-05,2025-02-03,2025-02,Night,Ship,3503,3481,11209,105.9,40,0
2025-02-05,2025-02-03,2025-02,Day,Returns,2435,2391,7793,125.6,87,0
2025-02-05,2025-02-03,2025-02,Night,Returns,2193,2152,7017,119.1,71,0
2025-02-06,2025-02-03,2025-02,Day,Inbound,3626,3603,11603,119.4,49,0
2025-02-06,2025-02-03,2025-02,Night,Inbound,3354,3333,10734,126.7,41,0
2025-02-06,2025-02-03,2025-02,Day,Pick,3882,3854,12421,95.6,43,0
2025-02-06,2025-02-03,2025-02,Night,Pick,3030,3023,9697,98.4,27,0
2025-02-06,2025-02-03,2025-02,Day,Pack,4961,4961,15876,115.8,51,0
2025-02-06,2025-02-03,2025-02,Night,Pack,2587,2576,8279,64.6,20,0
2025-02-06,2025-02-03,2025-02,Day,Ship,3882,3861,12423,107.7,33,0
2025-02-06,2025-02-03,2025-02,Night,Ship,2126,2108,6804,73.1,28,0
2025-02-06,2025-02-03,2025-02,Day,Returns,1862,1817,5959,88.9,77,0
2025-02-06,2025-02-03,2025-02,Night,Returns,2142,2109,6855,98.8,79,0
2025-02-07,2025-02-03,2025-02,Day,Inbound,3857,3807,12341,124.8,41,0
2025-02-07,2025-02-03,2025-02,Night,Inbound,3584,3537,11468,126.2,32,0
2025-02-07,2025-02-03,2025-02,Day,Pick,3331,3296,10659,85.2,32,0
2025-02-07,2025-02-03,2025-02,Night,Pick,3376,3350,10803,108.6,37,0
2025-02-07,2025-02-03,2025-02,Day,Pack,4167,4128,13335,103.7,47,0
2025-02-07,2025-02-03,2025-02,Night,Pack,3541,3534,11330,98.6,31,0
2025-02-07,2025-02-03,2025-02,Day,Ship,3974,3929,12718,114.3,47,0
2025-02-07,2025-02-03,2025-02,Night,Ship,2877,2850,9205,99.1,22,0
2025-02-07,2025-02-03,2025-02,Day,Returns,2038,2004,6522,96.0,53,0
2025-02-07,2025-02-03,2025-02,Night,Returns,2380,2306,7615,121.7,99,0
2025-02-08,2025-02-03,2025-02,Day,Inbound,2186,2155,6994,64.6,24,0
2025-02-08,2025-02-03,2025-02,Night,Inbound,1744,1718,5581,65.6,27,0
2025-02-08,2025-02-03,2025-02,Day,Pick,2251,2248,7202,60.3,27,0
2025-02-08,2025-02-03,2025-02,Night,Pick,3012,2985,9638,103.6,36,0
2025-02-08,2025-02-03,2025-02,Day,Pack,5065,5011,16209,108.8,54,0
2025-02-08,2025-02-03,2025-02,Night,Pack,2348,2348,7513,58.6,11,0
2025-02-08,2025-02-03,2025-02,Day,Ship,2682,2664,8582,78.6,27,0
2025-02-08,2025-02-03,2025-02,Night,Ship,1751,1736,5604,65.5,23,0
2025-02-08,2025-02-03,2025-02,Day,Returns,1566,1539,5012,75.8,44,0
2025-02-08,2025-02-03,2025-02,Night,Returns,1982,1945,6343,94.2,80,0
2025-02-09,2025-02-03,2025-02,Day,Inbound,2729,2673,8732,92.3,27,0
2025-02-09,2025-02-03,2025-02,Night,Inbound,2097,2077,6710,88.7,17,0
2025-02-09,2025-02-03,2025-02,Day,Pick,2222,2199,7109,58.4,25,0
2025-02-09,2025-02-03,2025-02,Night,Pick,2398,2396,7673,70.1,26,0
2025-02-09,2025-02-03,2025-02,Day,Pack,4461,4443,14274,101.6,36,0
2025-02-09,2025-02-03,2025-02,Night,Pack,2163,2153,6921,57.1,18,0
2025-02-09,2025-02-03,2025-02,Day,Ship,3482,3462,11142,99.4,26,0
2025-02-09,2025-02-03,2025-02,Night,Ship,2187,2187,6997,83.3,15,0
2025-02-09,2025-02-03,2025-02,Day,Returns,2297,2247,7350,101.6,58,0
2025-02-09,2025-02-03,2025-02,Night,Returns,1278,1252,4088,59.3,24,0
2025-02-10,2025-02-10,2025-02,Day,Inbound,3188,3158,10203,111.1,51,0
2025-02-10,2025-02-10,2025-02,Night,Inbound,2878,2846,9210,89.6,33,0
2025-02-10,2025-02-10,2025-02,Day,Pick,5145,5134,16463,126.4,51,0
2025-02-10,2025-02-10,2025-02,Night,Pick,1805,1805,5776,69.1,14,0
2025-02-10,2025-02-10,2025-02,Day,Pack,3105,3072,9935,78.2,27,0
2025-02-10,2025-02-10,2025-02,Night,Pack,3579,3579,11454,115.6,26,0
2025-02-10,2025-02-10,2025-02,Day,Ship,3782,3749,12102,109.5,34,0
2025-02-10,2025-02-10,2025-02,Night,Ship,2295,2274,7343,74.3,20,0
2025-02-10,2025-02-10,2025-02,Day,Returns,2430,2373,7776,123.9,43,0
2025-02-10,2025-02-10,2025-02,Night,Returns,1978,1950,6328,100.8,40,0
2025-02-11,2025-02-10,2025-02,Day,Inbound,3086,3075,9876,113.7,43,0
2025-02-11,2025-02-10,2025-02,Night,Inbound,2478,2470,7928,95.3,23,0
2025-02-11,2025-02-10,2025-02,Day,Pick,2937,2904,9398,79.9,26,0
2025-02-11,2025-02-10,2025-02,Night,Pick,3482,3464,11143,103.9,29,0
2025-02-11,2025-02-10,2025-02,Day,Pack,5346,5346,17108,122.6,23,0
2025-02-11,2025-02-10,2025-02,Night,Pack,4440,4421,14207,109.5,41,0
2025-02-11,2025-02-10,2025-02,Day,Ship,2386,2376,7634,75.5,14,0
2025-02-11,2025-02-10,2025-02,Night,Ship,3189,3165,10205,106.6,27,0
2025-02-11,2025-02-10,2025-02,Day,Returns,1662,1632,5317,80.6,40,0
2025-02-11,2025-02-10,2025-02,Night,Returns,1932,1901,6182,111.3,66,0
2025-02-12,2025-02-10,2025-02,Day,Inbound,2482,2454,7942,97.5,18,0
2025-02-12,2025-02-10,2025-02,Night,Inbound,2263,2248,7242,98.6,27,0
2025-02-12,2025-02-10,2025-02,Day,Pick,3342,3309,10695,85.4,39,0
2025-02-12,2025-02-10,2025-02,Night,Pick,2914,2872,9325,85.4,24,0
2025-02-12,2025-02-10,2025-02,Day,Pack,3833,3829,12265,87.2,33,0
2025-02-12,2025-02-10,2025-02,Night,Pack,3740,3716,11967,95.3,30,0
2025-02-12,2025-02-10,2025-02,Day,Ship,3605,3576,11535,103.5,32,0
2025-02-12,2025-02-10,2025-02,Night,Ship,1926,1900,6164,68.5,20,0
2025-02-12,2025-02-10,2025-02,Day,Returns,1621,1585,5186,74.7,55,0
2025-02-12,2025-02-10,2025-02,Night,Returns,1469,1441,4702,73.9,30,0
2025-02-13,2025-02-10,2025-02,Day,Inbound,3012,2960,9637,108.8,37,0
2025-02-13,2025-02-10,2025-02,Night,Inbound,2706,2682,8660,100.2,30,0
2025-02-13,2025-02-10,2025-02,Day,Pick,3583,3573,11465,104.7,21,0
2025-02-13,2025-02-10,2025-02,Night,Pick,3579,3544,11454,112.4,42,0
2025-02-13,2025-02-10,2025-02,Day,Pack,3455,3455,11057,69.6,30,0
2025-02-13,2025-02-10,2025-02,Night,Pack,3108,3093,9947,83.0,24,0
2025-02-13,2025-02-10,2025-02,Day,Ship,2521,2501,8068,72.2,22,0
2025-02-13,2025-02-10,2025-02,Night,Ship,3646,3610,11667,118.7,35,0
2025-02-13,2025-02-10,2025-02,Day,Returns,2683,2625,8587,123.9,76,0
2025-02-13,2025-02-10,2025-02,Night,Returns,1834,1786,5869,109.5,68,0
2025-02-14,2025-02-10,2025-02,Day,Inbound,1937,1928,6197,66.9,7,0
2025-02-14,2025-02-10,2025-02,Night,Inbound,3380,3333,10816,121.3,28,0
2025-02-14,2025-02-10,2025-02,Day,Pick,2985,2952,9552,78.5,26,0
2025-02-14,2025-02-10,2025-02,Night,Pick,3170,3159,10144,83.9,50,0
2025-02-14,2025-02-10,2025-02,Day,Pack,4056,4053,12980,83.8,42,0
2025-02-14,2025-02-10,2025-02,Night,Pack,5204,5193,16653,128.7,53,0
2025-02-14,2025-02-10,2025-02,Day,Ship,3928,3902,12568,122.5,52,0
2025-02-14,2025-02-10,2025-02,Night,Ship,1948,1942,6232,65.8,23,0
2025-02-14,2025-02-10,2025-02,Day,Returns,2095,2068,6705,98.2,74,0
2025-02-14,2025-02-10,2025-02,Night,Returns,2632,2584,8421,118.5,71,0
2025-02-15,2025-02-10,2025-02,Day,Inbound,2730,2697,8736,95.6,27,0
2025-02-15,2025-02-10,2025-02,Night,Inbound,1929,1914,6174,68.4,22,0
2025-02-15,2025-02-10,2025-02,Day,Pick,2404,2386,7692,64.3,23,0
2025-02-15,2025-02-10,2025-02,Night,Pick,2752,2740,8807,82.4,13,0
2025-02-15,2025-02-10,2025-02,Day,Pack,4368,4357,13978,95.0,38,0
2025-02-15,2025-02-10,2025-02,Night,Pack,2379,2379,7613,63.1,24,0
2025-02-15,2025-02-10,2025-02,Day,Ship,2804,2780,8973,88.1,22,0
2025-02-15,2025-02-10,2025-02,Night,Ship,2470,2456,7904,89.9,25,0
2025-02-15,2025-02-10,2025-02,Day,Returns,1395,1361,4465,74.0,46,0
2025-02-15,2025-02-10,2025-02,Night,Returns,1399,1380,4477,74.7,43,0
2025-02-16,2025-02-10,2025-02,Day,Inbound,3294,3274,10542,96.7,25,0
2025-02-16,2025-02-10,2025-02,Night,Inbound,2153,2131,6891,77.5,30,0
2025-02-16,2025-02-10,2025-02,Day,Pick,2699,2678,8637,74.0,29,0
2025-02-16,2025-02-10,2025-02,Night,Pick,2708,2708,8665,74.0,33,0
2025-02-16,2025-02-10,2025-02,Day,Pack,3866,3851,12372,82.7,39,0
2025-02-16,2025-02-10,2025-02,Night,Pack,2883,2859,9227,72.9,29,0
2025-02-16,2025-02-10,2025-02,Day,Ship,2305,2299,7377,69.7,24,0
2025-02-16,2025-02-10,2025-02,Night,Ship,1744,1734,5580,61.0,10,0
2025-02-16,2025-02-10,2025-02,Day,Returns,1555,1533,4976,62.8,58,0
2025-02-16,2025-02-10,2025-02,Night,Returns,1118,1100,3577,58.0,24,0
2025-02-17,2025-02-17,2025-02,Day,Inbound,2502,2482,8005,90.5,21,0
2025-02-17,2025-02-17,2025-02,Night,Inbound,2760,2719,8832,97.5,18,0
2025-02-17,2025-02-17,2025-02,Day,Pick,3774,3744,12078,101.1,37,0
2025-02-17,2025-02-17,2025-02,Night,Pick,3908,3890,12506,116.5,35,0
2025-02-17,2025-02-17,2025-02,Day,Pack,4706,4679,15060,107.0,49,0
2025-02-17,2025-02-17,2025-02,Night,Pack,3253,3253,10409,84.8,34,0
2025-02-17,2025-02-17,2025-02,Day,Ship,4092,4060,13093,114.5,52,0
2025-02-17,2025-02-17,2025-02,Night,Ship,2362,2350,7557,65.4,24,0
2025-02-17,2025-02-17,2025-02,Day,Returns,1962,1930,6279,91.1,46,0
2025-02-17,2025-02-17,2025-02,Night,Returns,2249,2214,7198,111.8,47,0
2025-02-18,2025-02-17,2025-02,Day,Inbound,3066,3034,9811,96.1,36,0
2025-02-18,2025-02-17,2025-02,Night,Inbound,2130,2119,6816,77.1,30,0
2025-02-18,2025-02-17,2025-02,Day,Pick,5409,5380,17308,118.4,54,0
2025-02-18,2025-02-17,2025-02,Night,Pick,3140,3140,10048,88.0,34,0
2025-02-18,2025-02-17,2025-02,Day,Pack,4334,4292,13869,97.0,48,0
2025-02-18,2025-02-17,2025-02,Night,Pack,3388,3377,10840,87.5,39,0
2025-02-18,2025-02-17,2025-02,Day,Ship,3922,3911,12549,118.1,23,0
2025-02-18,2025-02-17,2025-02,Night,Ship,3582,3564,11464,113.2,31,0
2025-02-18,2025-02-17,2025-02,Day,Returns,1754,1724,5614,91.8,56,0
2025-02-18,2025-02-17,2025-02,Night,Returns,2734,2684,8750,121.4,86,0
2025-02-19,2025-02-17,2025-02,Day,Inbound,2988,2972,9563,97.8,41,0
2025-02-19,2025-02-17,2025-02,Night,Inbound,2422,2405,7749,94.5,31,0
2025-02-19,2025-02-17,2025-02,Day,Pick,4262,4224,13640,112.9,37,0
2025-02-19,2025-02-17,2025-02,Night,Pick,2789,2773,8924,79.1,35,0
2025-02-19,2025-02-17,2025-02,Day,Pack,4591,4590,14692,101.7,31,0
2025-02-19,2025-02-17,2025-02,Night,Pack,3538,3519,11323,89.3,17,0
2025-02-19,2025-02-17,2025-02,Day,Ship,3145,3133,10063,88.6,43,0
2025-02-19,2025-02-17,2025-02,Night,Ship,3102,3041,9928,91.7,34,0
2025-02-19,2025-02-17,2025-02,Day,Returns,2723,2684,8715,125.5,69,0
2025-02-19,2025-02-17,2025-02,Night,Returns,1780,1753,5696,87.1,71,0
2025-02-20,2025-02-17,2025-02,Day,Inbound,3058,3045,9786,102.5,23,0
2025-02-20,2025-02-17,2025-02,Night,Inbound,3477,3453,11125,125.2,18,0
2025-02-20,2025-02-17,2025-02,Day,Pick,3193,3186,10217,85.2,28,0
2025-02-20,2025-02-17,2025-02,Night,Pick,2568,2559,8219,73.5,27,0
2025-02-20,2025-02-17,2025-02,Day,Pack,5512,5499,17639,122.1,48,0
2025-02-20,2025-02-17,2025-02,Night,Pack,3981,3949,12740,92.2,21,0
2025-02-20,2025-02-17,2025-02,Day,Ship,3235,3224,10353,101.3,28,0
2025-02-20,2025-02-17,2025-02,Night,Ship,2462,2453,7879,79.3,15,0
2025-02-20,2025-02-17,2025-02,Day,Returns,2487,2432,7958,94.4,87,0
2025-02-20,2025-02-17,2025-02,Night,Returns,2438,2391,7801,126.6,76,0
2025-02-21,2025-02-17,2025-02,Day,Inbound,2308,2294,7384,92.9,35,0
2025-02-21,2025-02-17,2025-02,Night,Inbound,1925,1909,6160,80.9,20,0
2025-02-21,2025-02-17,2025-02,Day,Pick,3421,3414,10946,98.7,28,0
2025-02-21,2025-02-17,2025-02,Night,Pick,3380,3353,10817,115.6,34,0
2025-02-21,2025-02-17,2025-02,Day,Pack,3259,3231,10428,69.5,30,0
2025-02-21,2025-02-17,2025-02,Night,Pack,3072,3072,9831,82.8,20,0
2025-02-21,2025-02-17,2025-02,Day,Ship,4608,4573,14746,114.0,38,0
2025-02-21,2025-02-17,2025-02,Night,Ship,1990,1983,6369,67.9,14,0
2025-02-21,2025-02-17,2025-02,Day,Returns,2370,2323,7584,127.9,70,0
2025-02-21,2025-02-17,2025-02,Night,Returns,2155,2121,6896,115.4,49,0
2025-02-22,2025-02-17,2025-02,Day,Inbound,2897,2864,9271,95.3,38,0
2025-02-22,2025-02-17,2025-02,Night,Inbound,2553,2514,8169,87.4,34,0
2025-02-22,2025-02-17,2025-02,Day,Pick,2210,2182,7071,58.4,15,0
2025-02-22,2025-02-17,2025-02,Night,Pick,3658,3645,11706,100.3,41,0
2025-02-22,2025-02-17,2025-02,Day,Pack,3768,3742,12059,87.4,35,0
2025-02-22,2025-02-17,2025-02,Night,Pack,2862,2844,9159,74.2,21,0
2025-02-22,2025-02-17,2025-02,Day,Ship,3726,3700,11923,91.8,37,0
2025-02-22,2025-02-17,2025-02,Night,Ship,1838,1827,5881,58.7,17,0
2025-02-22,2025-02-17,2025-02,Day,Returns,2135,2097,6831,105.8,46,0
2025-02-22,2025-02-17,2025-02,Night,Returns,1302,1285,4165,64.2,42,0
2025-02-23,2025-02-17,2025-02,Day,Inbound,2274,2259,7278,89.4,25,0
2025-02-23,2025-02-17,2025-02,Night,Inbound,1700,1672,5441,59.8,14,0
2025-02-23,2025-02-17,2025-02,Day,Pick,2620,2600,8383,72.8,35,0
2025-02-23,2025-02-17,2025-02,Night,Pick,3725,3700,11919,108.9,51,0
2025-02-23,2025-02-17,2025-02,Day,Pack,2997,2968,9590,62.9,29,0
2025-02-23,2025-02-17,2025-02,Night,Pack,4253,4253,13610,103.7,27,0
2025-02-23,2025-02-17,2025-02,Day,Ship,4178,4133,13370,109.3,37,0
2025-02-23,2025-02-17,2025-02,Night,Ship,3477,3448,11125,108.2,30,0
2025-02-23,2025-02-17,2025-02,Day,Returns,2071,2033,6627,97.1,57,0
2025-02-23,2025-02-17,2025-02,Night,Returns,1267,1248,4054,69.0,42,0
2025-02-24,2025-02-24,2025-02,Day,Inbound,2820,2813,9025,90.2,31,0
2025-02-24,2025-02-24,2025-02,Night,Inbound,3238,3213,10362,126.8,27,0
2025-02-24,2025-02-24,2025-02,Day,Pick,2518,2518,8056,75.4,21,0
2025-02-24,2025-02-24,2025-02,Night,Pick,3641,3637,11650,103.8,28,0
2025-02-24,2025-02-24,2025-02,Day,Pack,2798,2784,8955,72.6,28,0
2025-02-24,2025-02-24,2025-02,Night,Pack,3585,3579,11471,81.8,28,0
2025-02-24,2025-02-24,2025-02,Day,Ship,4122,4109,13192,114.5,33,0
2025-02-24,2025-02-24,2025-02,Night,Ship,2444,2440,7821,79.4,11,0
2025-02-24,2025-02-24,2025-02,Day,Returns,2025,1987,6480,87.4,67,0
2025-02-24,2025-02-24,2025-02,Night,Returns,1732,1698,5541,104.3,50,0
2025-02-25,2025-02-24,2025-02,Day,Inbound,2682,2668,8582,91.2,27,0
2025-02-25,2025-02-24,2025-02,Night,Inbound,2764,2754,8844,113.5,30,0
2025-02-25,2025-02-24,2025-02,Day,Pick,3712,3706,11877,109.4,33,0
2025-02-25,2025-02-24,2025-02,Night,Pick,2888,2886,9243,95.3,36,0
2025-02-25,2025-02-24,2025-02,Day,Pack,5198,5181,16633,122.4,44,0
2025-02-25,2025-02-24,2025-02,Night,Pack,4600,4578,14720,122.6,43,0
2025-02-25,2025-02-24,2025-02,Day,Ship,3760,3725,12033,112.5,41,0
2025-02-25,2025-02-24,2025-02,Night,Ship,3445,3436,11025,121.1,27,0
2025-02-25,2025-02-24,2025-02,Day,Returns,1385,1368,4431,65.8,51,0
2025-02-25,2025-02-24,2025-02,Night,Returns,2206,2171,7058,113.4,55,0
2025-02-26,2025-02-24,2025-02,Day,Inbound,3268,3241,10459,97.0,23,0
2025-02-26,2025-02-24,2025-02,Night,Inbound,1850,1824,5921,67.0,24,0
2025-02-26,2025-02-24,2025-02,Day,Pick,2697,2664,8630,76.0,32,0
2025-02-26,2025-02-24,2025-02,Night,Pick,2621,2613,8388,74.1,27,0
2025-02-26,2025-02-24,2025-02,Day,Pack,2781,2774,8900,69.1,25,0
2025-02-26,2025-02-24,2025-02,Night,Pack,3513,3490,11241,90.0,28,0
2025-02-26,2025-02-24,2025-02,Day,Ship,3327,3327,10646,87.9,35,0
2025-02-26,2025-02-24,2025-02,Night,Ship,3457,3418,11062,117.8,44,0
2025-02-26,2025-02-24,2025-02,Day,Returns,1555,1522,4975,67.8,67,0
2025-02-26,2025-02-24,2025-02,Night,Returns,2392,2344,7654,114.8,73,0
2025-02-27,2025-02-24,2025-02,Day,Inbound,1821,1800,5826,65.4,25,0
2025-02-27,2025-02-24,2025-02,Night,Inbound,2384,2360,7628,88.2,26,0
2025-02-27,2025-02-24,2025-02,Day,Pick,4699,4699,15038,119.0,54,0
2025-02-27,2025-02-24,2025-02,Night,Pick,2948,2927,9433,95.2,24,0
2025-02-27,2025-02-24,2025-02,Day,Pack,4716,4716,15090,100.8,41,0
2025-02-27,2025-02-24,2025-02,Night,Pack,2726,2691,8723,71.2,12,0
2025-02-27,2025-02-24,2025-02,Day,Ship,2602,2597,8326,82.1,37,0
2025-02-27,2025-02-24,2025-02,Night,Ship,1973,1938,6315,68.7,20,0
2025-02-27,2025-02-24,2025-02,Day,Returns,1598,1573,5115,78.4,65,0
2025-02-27,2025-02-24,2025-02,Night,Returns,1806,1775,5778,94.9,52,0
2025-02-28,2025-02-24,2025-02,Day,Inbound,2998,2956,9592,96.0,32,0
2025-02-28,2025-02-24,2025-02,Night,Inbound,3224,3181,10317,112.5,39,0
2025-02-28,2025-02-24,2025-02,Day,Pick,3152,3152,10087,83.1,25,0
2025-02-28,2025-02-24,2025-02,Night,Pick,4411,4364,14115,118.6,45,0
2025-02-28,2025-02-24,2025-02,Day,Pack,4757,4734,15222,110.5,44,0
2025-02-28,2025-02-24,2025-02,Night,Pack,3473,3467,11115,85.0,24,0
2025-02-28,2025-02-24,2025-02,Day,Ship,3928,3903,12570,113.6,46,0
2025-02-28,2025-02-24,2025-02,Night,Ship,2152,2126,6886,69.0,19,0
2025-02-28,2025-02-24,2025-02,Day,Returns,1623,1594,5195,80.9,39,0
2025-02-28,2025-02-24,2025-02,Night,Returns,1644,1619,5260,86.5,64,0
2025-03-01,2025-02-24,2025-03,Day,Inbound,2399,2380,7676,76.7,24,0
2025-03-01,2025-02-24,2025-03,Night,Inbound,3514,3486,11246,117.7,43,0
2025-03-01,2025-02-24,2025-03,Day,Pick,3756,3740,12020,100.4,26,0
2025-03-01,2025-02-24,2025-03,Night,Pick,2372,2357,7590,64.2,28,0
2025-03-01,2025-02-24,2025-03,Day,Pack,4157,4129,13302,104.4,49,0
2025-03-01,2025-02-24,2025-03,Night,Pack,3166,3161,10130,77.8,26,0
2025-03-01,2025-02-24,2025-03,Day,Ship,3197,3182,10231,94.7,32,0
2025-03-01,2025-02-24,2025-03,Night,Ship,3776,3752,12084,115.0,33,0
2025-03-01,2025-02-24,2025-03,Day,Returns,1265,1240,4048,60.6,42,0
2025-03-01,2025-02-24,2025-03,Night,Returns,1250,1230,4000,65.1,30,0
2025-03-02,2025-02-24,2025-03,Day,Inbound,3812,3765,12198,113.1,42,0
2025-03-02,2025-02-24,2025-03,Night,Inbound,1926,1905,6163,73.1,21,0
2025-03-02,2025-02-24,2025-03,Day,Pick,2621,2583,8387,68.0,25,0
2025-03-02,2025-02-24,2025-03,Night,Pick,3933,3933,12585,104.9,32,0
2025-03-02,2025-02-24,2025-03,Day,Pack,4338,4307,13881,100.5,46,0
2025-03-02,2025-02-24,2025-03,Night,Pack,2372,2367,7591,61.0,19,0
2025-03-02,2025-02-24,2025-03,Day,Ship,3892,3868,12453,113.3,39,0
2025-03-02,2025-02-24,2025-03,Night,Ship,2798,2773,8953,93.5,34,0
2025-03-02,2025-02-24,2025-03,Day,Returns,1966,1924,6292,96.5,47,0
2025-03-02,2025-02-24,2025-03,Night,Returns,2147,2109,6871,99.8,82,0
2025-03-03,2025-03-03,2025-03,Day,Inbound,2738,2699,8760,91.2,38,0
2025-03-03,2025-03-03,2025-03,Night,Inbound,2401,2373,7682,89.7,35,1
2025-03-03,2025-03-03,2025-03,Day,Pick,3690,3645,11809,100.1,34,0
2025-03-03,2025-03-03,2025-03,Night,Pick,3114,3067,9966,82.2,30,0
2025-03-03,2025-03-03,2025-03,Day,Pack,3450,3429,11039,70.8,28,0
2025-03-03,2025-03-03,2025-03,Night,Pack,3793,3769,12139,99.4,36,0
2025-03-03,2025-03-03,2025-03,Day,Ship,3869,3839,12382,110.5,20,0
2025-03-03,2025-03-03,2025-03,Night,Ship,2541,2519,8130,70.7,20,0
2025-03-03,2025-03-03,2025-03,Day,Returns,2041,2006,6532,97.6,51,0
2025-03-03,2025-03-03,2025-03,Night,Returns,2501,2460,8004,132.4,67,0
2025-03-04,2025-03-03,2025-03,Day,Inbound,3082,3042,9864,103.8,33,0
2025-03-04,2025-03-03,2025-03,Night,Inbound,2212,2190,7078,75.8,34,0
2025-03-04,2025-03-03,2025-03,Day,Pick,3349,3339,10718,91.0,41,0
2025-03-04,2025-03-03,2025-03,Night,Pick,2501,2489,8003,85.4,25,0
2025-03-04,2025-03-03,2025-03,Day,Pack,5041,4985,16132,110.7,49,0
2025-03-04,2025-03-03,2025-03,Night,Pack,3701,3678,11843,110.8,5,0
2025-03-04,2025-03-03,2025-03,Day,Ship,3642,3635,11655,107.1,52,0
2025-03-04,2025-03-03,2025-03,Night,Ship,3635,3597,11633,115.3,28,0
2025-03-04,2025-03-03,2025-03,Day,Returns,1416,1386,4531,72.6,39,0
2025-03-04,2025-03-03,2025-03,Night,Returns,2151,2118,6882,109.6,88,0
2025-03-05,2025-03-03,2025-03,Day,Inbound,4051,4013,12962,124.6,65,0
2025-03-05,2025-03-03,2025-03,Night,Inbound,3978,3952,12728,137.5,53,0
2025-03-05,2025-03-03,2025-03,Day,Pick,3642,3597,11656,97.6,34,0
2025-03-05,2025-03-03,2025-03,Night,Pick,4447,4410,14229,127.7,51,0
2025-03-05,2025-03-03,2025-03,Day,Pack,4875,4829,15599,105.1,33,0
2025-03-05,2025-03-03,2025-03,Night,Pack,2615,2611,8367,74.6,26,0
2025-03-05,2025-03-03,2025-03,Day,Ship,3836,3820,12275,102.4,26,0
2025-03-05,2025-03-03,2025-03,Night,Ship,2875,2856,9201,91.8,26,0
2025-03-05,2025-03-03,2025-03,Day,Returns,2660,2592,8513,124.5,89,0
2025-03-05,2025-03-03,2025-03,Night,Returns,1986,1971,6355,97.8,59,0
2025-03-06,2025-03-03,2025-03,Day,Inbound,3692,3638,11816,137.2,32,0
2025-03-06,2025-03-03,2025-03,Night,Inbound,3078,3027,9851,119.7,30,0
2025-03-06,2025-03-03,2025-03,Day,Pick,3497,3486,11190,106.6,37,0
2025-03-06,2025-03-03,2025-03,Night,Pick,3472,3440,11109,98.5,31,0
2025-03-06,2025-03-03,2025-03,Day,Pack,5899,5899,18878,135.5,69,0
2025-03-06,2025-03-03,2025-03,Night,Pack,2558,2549,8184,71.0,9,0
2025-03-06,2025-03-03,2025-03,Day,Ship,4519,4495,14462,122.3,48,0
2025-03-06,2025-03-03,2025-03,Night,Ship,2210,2206,7071,76.2,18,0
2025-03-06,2025-03-03,2025-03,Day,Returns,2513,2472,8041,101.9,63,0
2025-03-06,2025-03-03,2025-03,Night,Returns,2504,2480,8012,128.3,46,0
2025-03-07,2025-03-03,2025-03,Day,Inbound,3722,3692,11912,125.6,24,0
2025-03-07,2025-03-03,2025-03,Night,Inbound,1959,1939,6270,80.5,17,0
2025-03-07,2025-03-03,2025-03,Day,Pick,5177,5125,16565,131.0,73,0
2025-03-07,2025-03-03,2025-03,Night,Pick,3029,3015,9694,83.4,24,0
2025-03-07,2025-03-03,2025-03,Day,Pack,4849,4849,15516,117.2,25,0
2025-03-07,2025-03-03,2025-03,Night,Pack,3088,3077,9882,78.1,27,0
2025-03-07,2025-03-03,2025-03,Day,Ship,4736,4695,15155,137.0,42,0
2025-03-07,2025-03-03,2025-03,Night,Ship,3479,3467,11132,97.8,31,0
2025-03-07,2025-03-03,2025-03,Day,Returns,1561,1535,4995,74.3,43,0
2025-03-07,2025-03-03,2025-03,Night,Returns,2352,2298,7526,121.7,65,0
2025-03-08,2025-03-03,2025-03,Day,Inbound,3243,3232,10378,118.8,25,0
2025-03-08,2025-03-03,2025-03,Night,Inbound,2382,2365,7621,89.7,37,0
2025-03-08,2025-03-03,2025-03,Day,Pick,3813,3783,12202,104.3,21,0
2025-03-08,2025-03-03,2025-03,Night,Pick,3677,3662,11767,111.2,47,0
2025-03-08,2025-03-03,2025-03,Day,Pack,3646,3646,11666,85.5,31,0
2025-03-08,2025-03-03,2025-03,Night,Pack,2801,2771,8964,64.5,31,0
2025-03-08,2025-03-03,2025-03,Day,Ship,3161,3139,10114,99.6,25,0
2025-03-08,2025-03-03,2025-03,Night,Ship,2430,2404,7777,78.1,23,0
2025-03-08,2025-03-03,2025-03,Day,Returns,1727,1705,5526,90.7,44,0
2025-03-08,2025-03-03,2025-03,Night,Returns,1570,1543,5023,81.6,71,0
2025-03-09,2025-03-03,2025-03,Day,Inbound,2663,2637,8523,95.7,36,0
2025-03-09,2025-03-03,2025-03,Night,Inbound,3119,3108,9980,116.6,54,0
2025-03-09,2025-03-03,2025-03,Day,Pick,3133,3123,10027,88.1,27,0
2025-03-09,2025-03-03,2025-03,Night,Pick,3491,3471,11170,90.7,18,0
2025-03-09,2025-03-03,2025-03,Day,Pack,3602,3580,11527,82.5,27,0
2025-03-09,2025-03-03,2025-03,Night,Pack,2401,2397,7683,68.0,24,0
2025-03-09,2025-03-03,2025-03,Day,Ship,3059,3055,9789,88.2,34,0
2025-03-09,2025-03-03,2025-03,Night,Ship,3244,3206,10382,100.8,32,0
2025-03-09,2025-03-03,2025-03,Day,Returns,1630,1597,5215,78.7,40,0
2025-03-09,2025-03-03,2025-03,Night,Returns,1843,1819,5899,99.2,71,0
2025-03-10,2025-03-10,2025-03,Day,Inbound,4102,4062,13127,127.3,36,1
2025-03-10,2025-03-10,2025-03,Night,Inbound,2831,2815,9058,103.4,30,0
2025-03-10,2025-03-10,2025-03,Day,Pick,3602,3563,11527,108.0,45,0
2025-03-10,2025-03-10,2025-03,Night,Pick,2155,2141,6896,71.6,18,0
2025-03-10,2025-03-10,2025-03,Day,Pack,4162,4134,13320,96.2,36,0
2025-03-10,2025-03-10,2025-03,Night,Pack,4292,4263,13734,104.1,20,0
2025-03-10,2025-03-10,2025-03,Day,Ship,3844,3815,12301,108.4,27,0
2025-03-10,2025-03-10,2025-03,Night,Ship,2413,2405,7722,91.4,27,0
2025-03-10,2025-03-10,2025-03,Day,Returns,2344,2294,7501,111.5,67,0
2025-03-10,2025-03-10,2025-03,Night,Returns,1699,1660,5436,79.6,59,0
2025-03-11,2025-03-10,2025-03,Day,Inbound,2815,2794,9008,99.2,12,0
2025-03-11,2025-03-10,2025-03,Night,Inbound,2273,2252,7274,86.8,41,0
2025-03-11,2025-03-10,2025-03,Day,Pick,4694,4683,15022,116.0,36,0
2025-03-11,2025-03-10,2025-03,Night,Pick,4249,4206,13597,125.4,32,0
2025-03-11,2025-03-10,2025-03,Day,Pack,4298,4291,13754,111.1,50,0
2025-03-11,2025-03-10,2025-03,Night,Pack,3610,3610,11551,100.1,35,0
2025-03-11,2025-03-10,2025-03,Day,Ship,3962,3938,12680,119.5,21,0
2025-03-11,2025-03-10,2025-03,Night,Ship,4071,4061,13028,137.4,37,0
2025-03-11,2025-03-10,2025-03,Day,Returns,1789,1762,5726,83.3,54,0
2025-03-11,2025-03-10,2025-03,Night,Returns,1701,1668,5442,89.4,58,0
2025-03-12,2025-03-10,2025-03,Day,Inbound,3237,3195,10357,105.1,27,0
2025-03-12,2025-03-10,2025-03,Night,Inbound,2791,2760,8931,108.5,43,0
2025-03-12,2025-03-10,2025-03,Day,Pick,4643,4606,14858,126.7,45,0
2025-03-12,2025-03-10,2025-03,Night,Pick,3170,3141,10144,89.7,38,0
2025-03-12,2025-03-10,2025-03,Day,Pack,4003,3995,12811,98.0,39,0
2025-03-12,2025-03-10,2025-03,Night,Pack,4149,4109,13276,109.0,36,0
2025-03-12,2025-03-10,2025-03,Day,Ship,5052,5037,16168,137.3,35,0
2025-03-12,2025-03-10,2025-03,Night,Ship,4023,4004,12873,115.4,33,0
2025-03-12,2025-03-10,2025-03,Day,Returns,1729,1699,5532,72.6,60,0
2025-03-12,2025-03-10,2025-03,Night,Returns,1614,1585,5164,78.1,44,0
2025-03-13,2025-03-10,2025-03,Day,Inbound,3822,3771,12229,122.7,32,0
2025-03-13,2025-03-10,2025-03,Night,Inbound,3112,3079,9959,104.9,40,0
2025-03-13,2025-03-10,2025-03,Day,Pick,3233,3203,10346,88.2,14,0
2025-03-13,2025-03-10,2025-03,Night,Pick,4396,4368,14068,126.9,40,0
2025-03-13,2025-03-10,2025-03,Day,Pack,4458,4426,14267,105.1,32,0
2025-03-13,2025-03-10,2025-03,Night,Pack,4100,4073,13120,113.4,26,0
2025-03-13,2025-03-10,2025-03,Day,Ship,3218,3187,10298,90.7,32,0
2025-03-13,2025-03-10,2025-03,Night,Ship,4066,4015,13010,135.2,53,0
2025-03-13,2025-03-10,2025-03,Day,Returns,2676,2636,8564,119.5,93,0
2025-03-13,2025-03-10,2025-03,Night,Returns,2494,2442,7981,114.2,81,0
2025-03-14,2025-03-10,2025-03,Day,Inbound,3748,3714,11995,121.0,27,0
2025-03-14,2025-03-10,2025-03,Night,Inbound,2468,2435,7896,106.2,25,0
2025-03-14,2025-03-10,2025-03,Day,Pick,2825,2815,9041,77.0,33,0
2025-03-14,2025-03-10,2025-03,Night,Pick,3215,3190,10289,97.9,17,0
2025-03-14,2025-03-10,2025-03,Day,Pack,4669,4639,14941,111.5,41,0
2025-03-14,2025-03-10,2025-03,Night,Pack,4118,4097,13178,106.6,26,0
2025-03-14,2025-03-10,2025-03,Day,Ship,3716,3690,11892,98.5,39,0
2025-03-14,2025-03-10,2025-03,Night,Ship,3993,3993,12779,122.0,45,0
2025-03-14,2025-03-10,2025-03,Day,Returns,1649,1619,5277,88.0,59,0
2025-03-14,2025-03-10,2025-03,Night,Returns,1775,1748,5680,97.3,58,0
2025-03-15,2025-03-10,2025-03,Day,Inbound,2386,2355,7634,74.1,30,0
2025-03-15,2025-03-10,2025-03,Night,Inbound,1672,1667,5350,61.5,14,0
2025-03-15,2025-03-10,2025-03,Day,Pick,4478,4445,14330,113.4,38,0
2025-03-15,2025-03-10,2025-03,Night,Pick,2908,2896,9307,75.9,16,0
2025-03-15,2025-03-10,2025-03,Day,Pack,4922,4882,15750,118.1,39,0
2025-03-15,2025-03-10,2025-03,Night,Pack,4622,4612,14790,112.3,41,0
2025-03-15,2025-03-10,2025-03,Day,Ship,3757,3751,12022,118.5,38,0
2025-03-15,2025-03-10,2025-03,Night,Ship,1975,1967,6319,64.4,17,0
2025-03-15,2025-03-10,2025-03,Day,Returns,2160,2117,6913,90.3,86,0
2025-03-15,2025-03-10,2025-03,Night,Returns,2013,1970,6442,97.3,60,0
2025-03-16,2025-03-10,2025-03,Day,Inbound,2687,2658,8599,90.1,24,0
2025-03-16,2025-03-10,2025-03,Night,Inbound,2294,2273,7341,90.0,11,0
2025-03-16,2025-03-10,2025-03,Day,Pick,3148,3119,10073,81.2,24,0
2025-03-16,2025-03-10,2025-03,Night,Pick,2745,2728,8783,78.0,17,0
2025-03-16,2025-03-10,2025-03,Day,Pack,2889,2850,9244,61.3,17,0
2025-03-16,2025-03-10,2025-03,Night,Pack,4456,4417,14259,110.1,25,0
2025-03-16,2025-03-10,2025-03,Day,Ship,3171,3152,10147,103.0,12,0
2025-03-16,2025-03-10,2025-03,Night,Ship,2618,2604,8379,86.7,28,0
2025-03-16,2025-03-10,2025-03,Day,Returns,2232,2191,7142,105.5,78,0
2025-03-16,2025-03-10,2025-03,Night,Returns,1803,1783,5771,89.8,61,0
2025-03-17,2025-03-17,2025-03,Day,Inbound,2874,2874,9198,95.7,42,0
2025-03-17,2025-03-17,2025-03,Night,Inbound,3366,3338,10770,130.8,33,0
2025-03-17,2025-03-17,2025-03,Day,Pick,3066,3066,9811,92.7,37,0
2025-03-17,2025-03-17,2025-03,Night,Pick,4821,4803,15427,127.7,37,0
2025-03-17,2025-03-17,2025-03,Day,Pack,5289,5284,16925,125.2,30,0
2025-03-17,2025-03-17,2025-03,Night,Pack,5441,5419,17410,134.4,41,0
2025-03-17,2025-03-17,2025-03,Day,Ship,2511,2476,8036,81.7,23,0
2025-03-17,2025-03-17,2025-03,Night,Ship,4625,4589,14801,139.7,46,0
2025-03-17,2025-03-17,2025-03,Day,Returns,2057,2030,6581,95.0,68,0
2025-03-17,2025-03-17,2025-03,Night,Returns,1636,1602,5235,83.7,45,0
2025-03-18,2025-03-17,2025-03,Day,Inbound,3274,3258,10478,121.6,21,0
2025-03-18,2025-03-17,2025-03,Night,Inbound,2611,2598,8356,107.1,21,0
2025-03-18,2025-03-17,2025-03,Day,Pick,2829,2819,9052,74.9,38,0
2025-03-18,2025-03-17,2025-03,Night,Pick,3233,3209,10347,98.7,38,0
2025-03-18,2025-03-17,2025-03,Day,Pack,3169,3169,10141,70.8,26,0
2025-03-18,2025-03-17,2025-03,Night,Pack,3507,3472,11221,106.1,34,0
2025-03-18,2025-03-17,2025-03,Day,Ship,4684,4620,14988,139.0,52,0
2025-03-18,2025-03-17,2025-03,Night,Ship,2862,2858,9159,100.5,30,0
2025-03-18,2025-03-17,2025-03,Day,Returns,1787,1767,5717,88.5,50,1
2025-03-18,2025-03-17,2025-03,Night,Returns,2245,2199,7185,119.2,64,0
2025-03-19,2025-03-17,2025-03,Day,Inbound,2720,2678,8704,84.2,31,0
2025-03-19,2025-03-17,2025-03,Night,Inbound,2334,2303,7469,92.9,23,0
2025-03-19,2025-03-17,2025-03,Day,Pick,3627,3604,11606,93.7,50,0
2025-03-19,2025-03-17,2025-03,Night,Pick,2588,2578,8280,80.4,33,0
2025-03-19,2025-03-17,2025-03,Day,Pack,5626,5587,18004,126.5,19,0
2025-03-19,2025-03-17,2025-03,Night,Pack,3198,3169,10232,86.0,31,0
2025-03-19,2025-03-17,2025-03,Day,Ship,4782,4754,15301,134.0,41,0
2025-03-19,2025-03-17,2025-03,Night,Ship,3041,3022,9730,99.2,20,0
2025-03-19,2025-03-17,2025-03,Day,Returns,1531,1501,4900,70.1,62,0
2025-03-19,2025-03-17,2025-03,Night,Returns,2438,2411,7800,121.5,51,0
2025-03-20,2025-03-17,2025-03,Day,Inbound,2349,2323,7518,73.8,29,0
2025-03-20,2025-03-17,2025-03,Night,Inbound,2271,2243,7267,82.2,19,0
2025-03-20,2025-03-17,2025-03,Day,Pick,3574,3556,11438,97.6,40,0
2025-03-20,2025-03-17,2025-03,Night,Pick,3288,3247,10523,98.3,37,0
2025-03-20,2025-03-17,2025-03,Day,Pack,5669,5663,18142,109.6,71,0
2025-03-20,2025-03-17,2025-03,Night,Pack,5099,5089,16318,124.0,59,0
2025-03-20,2025-03-17,2025-03,Day,Ship,3122,3103,9990,100.7,24,0
2025-03-20,2025-03-17,2025-03,Night,Ship,2711,2703,8675,94.2,27,0
2025-03-20,2025-03-17,2025-03,Day,Returns,2197,2164,7031,117.0,67,0
2025-03-20,2025-03-17,2025-03,Night,Returns,2259,2212,7228,133.1,78,0
2025-03-21,2025-03-17,2025-03,Day,Inbound,2722,2687,8711,94.6,20,0
2025-03-21,2025-03-17,2025-03,Night,Inbound,1887,1867,6039,79.2,25,0
2025-03-21,2025-03-17,2025-03,Day,Pick,4263,4239,13643,115.4,42,0
2025-03-21,2025-03-17,2025-03,Night,Pick,3432,3408,10983,102.0,27,0
2025-03-21,2025-03-17,2025-03,Day,Pack,6132,6132,19622,134.0,56,0
2025-03-21,2025-03-17,2025-03,Night,Pack,3937,3925,12597,94.2,32,0
2025-03-21,2025-03-17,2025-03,Day,Ship,5178,5135,16568,139.2,45,0
2025-03-21,2025-03-17,2025-03,Night,Ship,2372,2357,7592,81.8,24,0
2025-03-21,2025-03-17,2025-03,Day,Returns,1961,1919,6276,104.8,39,0
2025-03-21,2025-03-17,2025-03,Night,Returns,2807,2744,8982,136.1,113,0
2025-03-22,2025-03-17,2025-03,Day,Inbound,2085,2051,6672,80.6,24,0
2025-03-22,2025-03-17,2025-03,Night,Inbound,1746,1721,5588,69.1,13,0
2025-03-22,2025-03-17,2025-03,Day,Pick,3132,3110,10023,77.6,38,0
2025-03-22,2025-03-17,2025-03,Night,Pick,1962,1941,6280,64.3,18,0
2025-03-22,2025-03-17,2025-03,Day,Pack,4975,4959,15919,112.0,42,0
2025-03-22,2025-03-17,2025-03,Night,Pack,3853,3835,12330,89.8,23,0
2025-03-22,2025-03-17,2025-03,Day,Ship,3017,2989,9654,86.0,20,0
2025-03-22,2025-03-17,2025-03,Night,Ship,3468,3439,11098,105.7,25,0
2025-03-22,2025-03-17,2025-03,Day,Returns,2001,1964,6404,92.4,63,0
2025-03-22,2025-03-17,2025-03,Night,Returns,2531,2491,8098,113.4,48,0
2025-03-23,2025-03-17,2025-03,Day,Inbound,3672,3672,11750,114.7,45,0
2025-03-23,2025-03-17,2025-03,Night,Inbound,2415,2410,7729,101.1,35,0
2025-03-23,2025-03-17,2025-03,Day,Pick,2699,2695,8636,76.1,16,0
2025-03-23,2025-03-17,2025-03,Night,Pick,2610,2580,8352,68.5,30,0
2025-03-23,2025-03-17,2025-03,Day,Pack,2942,2919,9416,73.9,19,0
2025-03-23,2025-03-17,2025-03,Night,Pack,3479,3452,11134,91.4,38,0
2025-03-23,2025-03-17,2025-03,Day,Ship,2637,2618,8437,75.4,24,0
2025-03-23,2025-03-17,2025-03,Night,Ship,3330,3296,10656,117.5,23,0
2025-03-23,2025-03-17,2025-03,Day,Returns,2185,2152,6992,96.7,47,0
2025-03-23,2025-03-17,2025-03,Night,Returns,1699,1676,5437,103.0,48,0
2025-03-24,2025-03-24,2025-03,Day,Inbound,2939,2893,9405,94.6,37,0
2025-03-24,2025-03-24,2025-03,Night,Inbound,2981,2945,9538,109.7,24,0
2025-03-24,2025-03-24,2025-03,Day,Pick,3960,3937,12673,104.0,32,0
2025-03-24,2025-03-24,2025-03,Night,Pick,4373,4350,13993,133.2,36,0
2025-03-24,2025-03-24,2025-03,Day,Pack,5162,5136,16518,112.6,48,0
2025-03-24,2025-03-24,2025-03,Night,Pack,3635,3632,11631,105.6,29,0
2025-03-24,2025-03-24,2025-03,Day,Ship,3780,3744,12095,116.8,54,0
2025-03-24,2025-03-24,2025-03,Night,Ship,3391,3364,10852,101.8,34,0
2025-03-24,2025-03-24,2025-03,Day,Returns,3038,2978,9721,128.6,88,0
2025-03-24,2025-03-24,2025-03,Night,Returns,2469,2434,7901,132.6,64,0
2025-03-25,2025-03-24,2025-03,Day,Inbound,3918,3856,12536,131.9,46,0
2025-03-25,2025-03-24,2025-03,Night,Inbound,2030,2005,6496,83.3,15,0
2025-03-25,2025-03-24,2025-03,Day,Pick,4215,4162,13487,103.1,36,0
2025-03-25,2025-03-24,2025-03,Night,Pick,2232,2216,7141,70.5,21,0
2025-03-25,2025-03-24,2025-03,Day,Pack,4556,4556,14580,98.8,24,0
2025-03-25,2025-03-24,2025-03,Night,Pack,5755,5734,18415,130.3,37,0
2025-03-25,2025-03-24,2025-03,Day,Ship,2566,2549,8211,70.9,25,0
2025-03-25,2025-03-24,2025-03,Night,Ship,2346,2343,7506,80.9,31,0
2025-03-25,2025-03-24,2025-03,Day,Returns,1539,1516,4926,70.2,54,0
2025-03-25,2025-03-24,2025-03,Night,Returns,2233,2208,7147,115.0,83,0
2025-03-26,2025-03-24,2025-03,Day,Inbound,3405,3400,10895,103.8,46,0
2025-03-26,2025-03-24,2025-03,Night,Inbound,2332,2322,7462,90.3,18,0
2025-03-26,2025-03-24,2025-03,Day,Pick,4493,4478,14378,113.5,70,0
2025-03-26,2025-03-24,2025-03,Night,Pick,3570,3552,11423,95.4,38,0
2025-03-26,2025-03-24,2025-03,Day,Pack,3686,3676,11796,84.6,20,0
2025-03-26,2025-03-24,2025-03,Night,Pack,5018,5018,16056,129.3,13,0
2025-03-26,2025-03-24,2025-03,Day,Ship,3682,3657,11781,107.8,39,0
2025-03-26,2025-03-24,2025-03,Night,Ship,4008,3972,12827,131.9,34,0
2025-03-26,2025-03-24,2025-03,Day,Returns,3003,2974,9610,137.5,79,0
2025-03-26,2025-03-24,2025-03,Night,Returns,2648,2602,8472,126.6,75,0
2025-03-27,2025-03-24,2025-03,Day,Inbound,3277,3233,10485,98.1,48,0
2025-03-27,2025-03-24,2025-03,Night,Inbound,3728,3674,11929,132.9,61,0
2025-03-27,2025-03-24,2025-03,Day,Pick,3408,3404,10905,94.4,28,0
2025-03-27,2025-03-24,2025-03,Night,Pick,3681,3681,11779,101.9,36,0
2025-03-27,2025-03-24,2025-03,Day,Pack,4754,4754,15213,108.0,54,0
2025-03-27,2025-03-24,2025-03,Night,Pack,3829,3806,12253,92.3,31,0
2025-03-27,2025-03-24,2025-03,Day,Ship,3475,3435,11121,96.0,18,0
2025-03-27,2025-03-24,2025-03,Night,Ship,4092,4045,13096,127.9,24,0
2025-03-27,2025-03-24,2025-03,Day,Returns,2021,1992,6466,85.9,78,0
2025-03-27,2025-03-24,2025-03,Night,Returns,1845,1811,5903,93.1,65,0
2025-03-28,2025-03-24,2025-03,Day,Inbound,3195,3165,10223,107.0,27,0
2025-03-28,2025-03-24,2025-03,Night,Inbound,3431,3388,10980,124.6,21,0
2025-03-28,2025-03-24,2025-03,Day,Pick,2989,2973,9566,78.7,39,0
2025-03-28,2025-03-24,2025-03,Night,Pick,4504,4483,14413,114.6,25,0
2025-03-28,2025-03-24,2025-03,Day,Pack,3160,3128,10111,72.1,29,0
2025-03-28,2025-03-24,2025-03,Night,Pack,5699,5664,18238,137.5,37,0
2025-03-28,2025-03-24,2025-03,Day,Ship,4672,4642,14949,138.2,42,0
2025-03-28,2025-03-24,2025-03,Night,Ship,2756,2728,8819,101.4,32,0
2025-03-28,2025-03-24,2025-03,Day,Returns,2653,2604,8491,121.0,83,0
2025-03-28,2025-03-24,2025-03,Night,Returns,2147,2100,6871,110.8,43,0
2025-03-29,2025-03-24,2025-03,Day,Inbound,2705,2671,8657,91.4,29,0
2025-03-29,2025-03-24,2025-03,Night,Inbound,1748,1741,5593,71.5,28,0
2025-03-29,2025-03-24,2025-03,Day,Pick,2202,2189,7046,73.1,25,0
2025-03-29,2025-03-24,2025-03,Night,Pick,2509,2487,8030,77.0,17,0
2025-03-29,2025-03-24,2025-03,Day,Pack,4548,4523,14553,108.6,36,0
2025-03-29,2025-03-24,2025-03,Night,Pack,3306,3298,10579,82.3,41,0
2025-03-29,2025-03-24,2025-03,Day,Ship,3760,3723,12033,109.3,44,0
2025-03-29,2025-03-24,2025-03,Night,Ship,3290,3253,10529,101.5,27,0
2025-03-29,2025-03-24,2025-03,Day,Returns,1395,1374,4465,60.1,43,0
2025-03-29,2025-03-24,2025-03,Night,Returns,2246,2211,7187,102.7,103,0
2025-03-30,2025-03-24,2025-03,Day,Inbound,1744,1723,5582,63.4,24,0
2025-03-30,2025-03-24,2025-03,Night,Inbound,2153,2140,6890,93.8,14,0
2025-03-30,2025-03-24,2025-03,Day,Pick,4438,4436,14200,114.5,34,0
2025-03-30,2025-03-24,2025-03,Night,Pick,3052,3020,9766,100.0,33,0
2025-03-30,2025-03-24,2025-03,Day,Pack,3424,3405,10958,89.1,24,0
2025-03-30,2025-03-24,2025-03,Night,Pack,4092,4075,13096,111.7,30,0
2025-03-30,2025-03-24,2025-03,Day,Ship,3215,3203,10287,91.8,23,0
2025-03-30,2025-03-24,2025-03,Night,Ship,2299,2284,7356,69.9,20,0
2025-03-30,2025-03-24,2025-03,Day,Returns,1858,1834,5946,97.7,64,0
2025-03-30,2025-03-24,2025-03,Night,Returns,2011,1978,6434,101.7,41,0
2025-03-31,2025-03-31,2025-03,Day,Inbound,2609,2596,8348,75.7,39,1
2025-03-31,2025-03-31,2025-03,Night,Inbound,2191,2180,7010,86.5,25,0
2025-03-31,2025-03-31,2025-03,Day,Pick,2677,2653,8565,70.1,21,0
2025-03-31,2025-03-31,2025-03,Night,Pick,2424,2411,7758,70.9,20,0
2025-03-31,2025-03-31,2025-03,Day,Pack,5042,5024,16136,121.1,50,0
2025-03-31,2025-03-31,2025-03,Night,Pack,3725,3721,11919,97.9,23,0
2025-03-31,2025-03-31,2025-03,Day,Ship,2515,2515,8047,70.5,19,0
2025-03-31,2025-03-31,2025-03,Night,Ship,2779,2741,8894,88.6,31,0
2025-03-31,2025-03-31,2025-03,Day,Returns,1380,1360,4417,73.1,44,0
2025-03-31,2025-03-31,2025-03,Night,Returns,2114,2083,6764,108.2,59,0
2025-04-01,2025-03-31,2025-04,Day,Inbound,2111,2081,6756,72.0,22,0
2025-04-01,2025-03-31,2025-04,Night,Inbound,3231,3207,10339,116.0,47,0
2025-04-01,2025-03-31,2025-04,Day,Pick,4735,4684,15151,128.5,35,0
2025-04-01,2025-03-31,2025-04,Night,Pick,3290,3260,10529,87.3,41,0
2025-04-01,2025-03-31,2025-04,Day,Pack,3067,3067,9815,76.7,23,0
2025-04-01,2025-03-31,2025-04,Night,Pack,2593,2593,8297,71.9,20,0
2025-04-01,2025-03-31,2025-04,Day,Ship,3138,3123,10040,95.1,12,0
2025-04-01,2025-03-31,2025-04,Night,Ship,4215,4166,13489,134.2,16,0
2025-04-01,2025-03-31,2025-04,Day,Returns,3124,3064,9997,138.0,82,0
2025-04-01,2025-03-31,2025-04,Night,Returns,1392,1365,4453,85.5,35,0
2025-04-02,2025-03-31,2025-04,Day,Inbound,2914,2889,9325,94.5,28,0
2025-04-02,2025-03-31,2025-04,Night,Inbound,2328,2315,7451,80.6,27,0
2025-04-02,2025-03-31,2025-04,Day,Pick,2660,2649,8512,70.3,24,0
2025-04-02,2025-03-31,2025-04,Night,Pick,5258,5255,16827,135.2,56,0
2025-04-02,2025-03-31,2025-04,Day,Pack,3922,3922,12549,95.9,31,0
2025-04-02,2025-03-31,2025-04,Night,Pack,4621,4609,14787,117.0,27,0
2025-04-02,2025-03-31,2025-04,Day,Ship,2899,2870,9276,89.3,31,0
2025-04-02,2025-03-31,2025-04,Night,Ship,2925,2910,9359,94.6,26,0
2025-04-02,2025-03-31,2025-04,Day,Returns,2783,2720,8905,129.5,80,0
2025-04-02,2025-03-31,2025-04,Night,Returns,2763,2728,8843,129.4,75,0
2025-04-03,2025-03-31,2025-04,Day,Inbound,2682,2659,8583,97.2,23,0
2025-04-03,2025-03-31,2025-04,Night,Inbound,2898,2855,9274,105.0,38,0
2025-04-03,2025-03-31,2025-04,Day,Pick,4578,4530,14650,107.8,48,0
2025-04-03,2025-03-31,2025-04,Night,Pick,4537,4500,14517,131.4,37,0
2025-04-03,2025-03-31,2025-04,Day,Pack,4734,4733,15149,113.5,51,0
2025-04-03,2025-03-31,2025-04,Night,Pack,4263,4235,13643,113.5,24,0
2025-04-03,2025-03-31,2025-04,Day,Ship,4040,4017,12929,130.3,36,0
2025-04-03,2025-03-31,2025-04,Night,Ship,2519,2495,8060,74.2,18,0
2025-04-03,2025-03-31,2025-04,Day,Returns,1945,1913,6223,98.2,55,0
2025-04-03,2025-03-31,2025-04,Night,Returns,1330,1311,4255,70.8,38,0
2025-04-04,2025-03-31,2025-04,Day,Inbound,3256,3227,10419,110.9,47,0
2025-04-04,2025-03-31,2025-04,Night,Inbound,2113,2089,6762,77.5,33,0
2025-04-04,2025-03-31,2025-04,Day,Pick,3145,3124,10063,83.1,24,0
2025-04-04,2025-03-31,2025-04,Night,Pick,3435,3428,10991,96.8,36,0
2025-04-04,2025-03-31,2025-04,Day,Pack,4814,4767,15405,117.3,26,0
2025-04-04,2025-03-31,2025-04,Night,Pack,2823,2796,9034,85.4,26,0
2025-04-04,2025-03-31,2025-04,Day,Ship,3003,2984,9610,95.9,24,0
2025-04-04,2025-03-31,2025-04,Night,Ship,2215,2201,7088,77.4,26,0
2025-04-04,2025-03-31,2025-04,Day,Returns,1992,1953,6375,83.9,74,0
2025-04-04,2025-03-31,2025-04,Night,Returns,2031,1992,6499,110.6,75,1
2025-04-05,2025-03-31,2025-04,Day,Inbound,3216,3178,10290,112.8,32,0
2025-04-05,2025-03-31,2025-04,Night,Inbound,2715,2702,8688,99.4,20,0
2025-04-05,2025-03-31,2025-04,Day,Pick,4547,4539,14549,118.0,46,0
2025-04-05,2025-03-31,2025-04,Night,Pick,2658,2656,8506,84.0,23,0
2025-04-05,2025-03-31,2025-04,Day,Pack,4243,4233,13578,103.5,13,0
2025-04-05,2025-03-31,2025-04,Night,Pack,2752,2752,8806,67.0,18,0
2025-04-05,2025-03-31,2025-04,Day,Ship,3284,3252,10510,108.2,22,0
2025-04-05,2025-03-31,2025-04,Night,Ship,2198,2174,7032,73.0,21,0
2025-04-05,2025-03-31,2025-04,Day,Returns,2049,2024,6558,93.6,31,0
2025-04-05,2025-03-31,2025-04,Night,Returns,1621,1591,5187,82.2,49,0
2025-04-06,2025-03-31,2025-04,Day,Inbound,3278,3254,10489,116.2,37,0
2025-04-06,2025-03-31,2025-04,Night,Inbound,1609,1588,5148,61.2,28,0
2025-04-06,2025-03-31,2025-04,Day,Pick,2461,2439,7876,65.9,38,0
2025-04-06,2025-03-31,2025-04,Night,Pick,3329,3294,10652,96.4,41,0
2025-04-06,2025-03-31,2025-04,Day,Pack,3982,3982,12742,86.4,51,0
2025-04-06,2025-03-31,2025-04,Night,Pack,4766,4745,15252,115.4,40,0
2025-04-06,2025-03-31,2025-04,Day,Ship,2375,2358,7601,70.4,31,0
2025-04-06,2025-03-31,2025-04,Night,Ship,3378,3334,10809,99.0,35,0
2025-04-06,2025-03-31,2025-04,Day,Returns,1543,1505,4938,74.5,31,0
2025-04-06,2025-03-31,2025-04,Night,Returns,1378,1357,4408,64.9,27,0
2025-04-07,2025-04-07,2025-04,Day,Inbound,3008,2976,9627,105.4,41,0
2025-04-07,2025-04-07,2025-04,Night,Inbound,2614,2599,8365,99.2,31,0
2025-04-07,2025-04-07,2025-04,Day,Pick,3580,3573,11457,98.9,28,0
2025-04-07,2025-04-07,2025-04,Night,Pick,3207,3184,10263,87.7,24,0
2025-04-07,2025-04-07,2025-04,Day,Pack,4047,4047,12951,86.2,34,0
2025-04-07,2025-04-07,2025-04,Night,Pack,4702,4697,15046,124.0,34,0
2025-04-07,2025-04-07,2025-04,Day,Ship,3563,3495,11402,102.2,22,0
2025-04-07,2025-04-07,2025-04,Night,Ship,2941,2928,9411,92.9,29,0
2025-04-07,2025-04-07,2025-04,Day,Returns,3088,3026,9880,135.9,63,0
2025-04-07,2025-04-07,2025-04,Night,Returns,2219,2167,7101,99.6,68,0
2025-04-08,2025-04-07,2025-04,Day,Inbound,3832,3783,12263,117.6,57,0
2025-04-08,2025-04-07,2025-04,Night,Inbound,2480,2457,7935,92.2,37,0
2025-04-08,2025-04-07,2025-04,Day,Pick,3285,3280,10511,98.5,28,0
2025-04-08,2025-04-07,2025-04,Night,Pick,3882,3869,12423,107.0,36,0
2025-04-08,2025-04-07,2025-04,Day,Pack,4676,4668,14962,99.8,37,0
2025-04-08,2025-04-07,2025-04,Night,Pack,4610,4592,14752,118.7,47,0
2025-04-08,2025-04-07,2025-04,Day,Ship,4017,3994,12854,113.9,25,0
2025-04-08,2025-04-07,2025-04,Night,Ship,2961,2938,9475,106.3,23,0
2025-04-08,2025-04-07,2025-04,Day,Returns,3074,3043,9838,131.1,72,0
2025-04-08,2025-04-07,2025-04,Night,Returns,2007,1991,6421,114.3,66,0
2025-04-09,2025-04-07,2025-04,Day,Inbound,3611,3595,11556,127.4,61,0
2025-04-09,2025-04-07,2025-04,Night,Inbound,3202,3154,10247,133.3,27,0
2025-04-09,2025-04-07,2025-04,Day,Pick,4520,4520,14464,119.4,37,0
2025-04-09,2025-04-07,2025-04,Night,Pick,3308,3279,10585,96.2,38,0
2025-04-09,2025-04-07,2025-04,Day,Pack,4801,4762,15364,104.6,37,0
2025-04-09,2025-04-07,2025-04,Night,Pack,3765,3756,12049,105.4,43,0
2025-04-09,2025-04-07,2025-04,Day,Ship,4417,4404,14133,135.6,38,0
2025-04-09,2025-04-07,2025-04,Night,Ship,2477,2451,7925,76.8,21,0
2025-04-09,2025-04-07,2025-04,Day,Returns,3250,3185,10399,138.3,96,0
2025-04-09,2025-04-07,2025-04,Night,Returns,2081,2042,6658,108.5,41,0
2025-04-10,2025-04-07,2025-04,Day,Inbound,2578,2556,8249,92.6,36,0
2025-04-10,2025-04-07,2025-04,Night,Inbound,2818,2812,9019,105.1,40,0
2025-04-10,2025-04-07,2025-04,Day,Pick,4803,4788,15370,136.6,48,0
2025-04-10,2025-04-07,2025-04,Night,Pick,4687,4661,14997,130.8,39,0
2025-04-10,2025-04-07,2025-04,Day,Pack,4178,4178,13368,99.2,43,0
2025-04-10,2025-04-07,2025-04,Night,Pack,2817,2805,9013,75.1,29,0
2025-04-10,2025-04-07,2025-04,Day,Ship,2521,2496,8068,74.1,23,0
2025-04-10,2025-04-07,2025-04,Night,Ship,2438,2418,7801,80.7,19,0
2025-04-10,2025-04-07,2025-04,Day,Returns,1690,1643,5407,80.4,58,0
2025-04-10,2025-04-07,2025-04,Night,Returns,2370,2328,7584,125.3,100,0
2025-04-11,2025-04-07,2025-04,Day,Inbound,3881,3820,12418,120.2,42,0
2025-04-11,2025-04-07,2025-04,Night,Inbound,2848,2822,9112,104.2,39,0
2025-04-11,2025-04-07,2025-04,Day,Pick,2512,2478,8039,73.9,12,0
2025-04-11,2025-04-07,2025-04,Night,Pick,3496,3463,11186,94.5,25,0
2025-04-11,2025-04-07,2025-04,Day,Pack,3920,3900,12545,88.6,39,0
2025-04-11,2025-04-07,2025-04,Night,Pack,4357,4306,13943,121.9,37,0
2025-04-11,2025-04-07,2025-04,Day,Ship,3091,3070,9890,89.7,28,0
2025-04-11,2025-04-07,2025-04,Night,Ship,3514,3502,11245,122.0,36,0
2025-04-11,2025-04-07,2025-04,Day,Returns,1948,1922,6232,88.1,39,0
2025-04-11,2025-04-07,2025-04,Night,Returns,2531,2489,8099,122.0,53,0
2025-04-12,2025-04-07,2025-04,Day,Inbound,3459,3398,11070,114.7,36,0
2025-04-12,2025-04-07,2025-04,Night,Inbound,1758,1751,5624,74.8,34,0
2025-04-12,2025-04-07,2025-04,Day,Pick,2420,2404,7743,71.1,25,0
2025-04-12,2025-04-07,2025-04,Night,Pick,3130,3114,10015,107.3,27,0
2025-04-12,2025-04-07,2025-04,Day,Pack,4579,4579,14654,112.0,36,0
2025-04-12,2025-04-07,2025-04,Night,Pack,3677,3658,11766,95.2,33,0
2025-04-12,2025-04-07,2025-04,Day,Ship,3769,3739,12062,111.4,14,0
2025-04-12,2025-04-07,2025-04,Night,Ship,3342,3314,10693,103.6,43,0
2025-04-12,2025-04-07,2025-04,Day,Returns,2224,2202,7117,103.6,67,0
2025-04-12,2025-04-07,2025-04,Night,Returns,1129,1109,3613,60.9,30,0
2025-04-13,2025-04-07,2025-04,Day,Inbound,2563,2532,8202,96.3,31,0
2025-04-13,2025-04-07,2025-04,Night,Inbound,2469,2457,7901,108.7,33,0
2025-04-13,2025-04-07,2025-04,Day,Pick,2496,2490,7987,65.8,36,0
2025-04-13,2025-04-07,2025-04,Night,Pick,3725,3717,11921,114.4,46,0
2025-04-13,2025-04-07,2025-04,Day,Pack,2535,2534,8111,60.1,19,0
2025-04-13,2025-04-07,2025-04,Night,Pack,4712,4686,15077,107.6,57,0
2025-04-13,2025-04-07,2025-04,Day,Ship,3349,3346,10717,84.5,31,0
2025-04-13,2025-04-07,2025-04,Night,Ship,2331,2313,7459,70.3,20,0
2025-04-13,2025-04-07,2025-04,Day,Returns,2195,2162,7023,110.7,62,0
2025-04-13,2025-04-07,2025-04,Night,Returns,2168,2149,6936,106.4,44,0
2025-04-14,2025-04-14,2025-04,Day,Inbound,3219,3187,10300,119.6,33,0
2025-04-14,2025-04-14,2025-04,Night,Inbound,2945,2927,9424,113.4,26,0
2025-04-14,2025-04-14,2025-04,Day,Pick,2970,2963,9504,70.5,34,0
2025-04-14,2025-04-14,2025-04,Night,Pick,2202,2197,7046,72.5,14,0
2025-04-14,2025-04-14,2025-04,Day,Pack,4654,4649,14892,96.4,23,0
2025-04-14,2025-04-14,2025-04,Night,Pack,3546,3538,11347,96.1,23,0
2025-04-14,2025-04-14,2025-04,Day,Ship,2879,2846,9213,75.0,41,0
2025-04-14,2025-04-14,2025-04,Night,Ship,3157,3144,10101,105.1,16,0
2025-04-14,2025-04-14,2025-04,Day,Returns,2166,2123,6932,100.7,78,0
2025-04-14,2025-04-14,2025-04,Night,Returns,1637,1607,5238,79.1,43,0
2025-04-15,2025-04-14,2025-04,Day,Inbound,3820,3772,12224,139.3,46,0
2025-04-15,2025-04-14,2025-04,Night,Inbound,2434,2404,7790,93.1,22,0
2025-04-15,2025-04-14,2025-04,Day,Pick,2897,2883,9271,73.1,40,0
2025-04-15,2025-04-14,2025-04,Night,Pick,2979,2955,9534,94.8,20,0
2025-04-15,2025-04-14,2025-04,Day,Pack,3490,3490,11167,75.8,42,0
2025-04-15,2025-04-14,2025-04,Night,Pack,3832,3809,12262,97.8,30,0
2025-04-15,2025-04-14,2025-04,Day,Ship,2875,2860,9200,84.4,23,0
2025-04-15,2025-04-14,2025-04,Night,Ship,4484,4464,14350,134.7,23,0
2025-04-15,2025-04-14,2025-04,Day,Returns,2106,2054,6738,84.2,57,0
2025-04-15,2025-04-14,2025-04,Night,Returns,1718,1680,5498,97.6,52,0
2025-04-16,2025-04-14,2025-04,Day,Inbound,2586,2564,8275,93.1,24,0
2025-04-16,2025-04-14,2025-04,Night,Inbound,3094,3058,9902,114.2,41,0
2025-04-16,2025-04-14,2025-04,Day,Pick,4339,4312,13885,121.2,40,0
2025-04-16,2025-04-14,2025-04,Night,Pick,3503,3480,11211,103.8,40,0
2025-04-16,2025-04-14,2025-04,Day,Pack,3111,3105,9955,84.1,39,0
2025-04-16,2025-04-14,2025-04,Night,Pack,4565,4531,14607,123.4,42,1
2025-04-16,2025-04-14,2025-04,Day,Ship,3264,3249,10444,103.1,36,0
2025-04-16,2025-04-14,2025-04,Night,Ship,2474,2458,7918,89.2,25,0
2025-04-16,2025-04-14,2025-04,Day,Returns,2205,2168,7056,105.7,52,0
2025-04-16,2025-04-14,2025-04,Night,Returns,2762,2720,8837,119.7,85,0
2025-04-17,2025-04-14,2025-04,Day,Inbound,2465,2433,7888,83.0,35,0
2025-04-17,2025-04-14,2025-04,Night,Inbound,2304,2295,7374,83.6,14,0
2025-04-17,2025-04-14,2025-04,Day,Pick,5800,5767,18560,134.9,53,0
2025-04-17,2025-04-14,2025-04,Night,Pick,3419,3382,10941,97.7,31,0
2025-04-17,2025-04-14,2025-04,Day,Pack,5808,5808,18587,136.8,59,0
2025-04-17,2025-04-14,2025-04,Night,Pack,3099,3075,9916,74.8,17,0
2025-04-17,2025-04-14,2025-04,Day,Ship,2735,2735,8751,73.3,26,0
2025-04-17,2025-04-14,2025-04,Night,Ship,2689,2676,8606,90.0,33,0
2025-04-17,2025-04-14,2025-04,Day,Returns,2138,2102,6842,99.5,76,0
2025-04-17,2025-04-14,2025-04,Night,Returns,2311,2281,7396,110.5,75,0
2025-04-18,2025-04-14,2025-04,Day,Inbound,3935,3893,12591,128.7,51,0
2025-04-18,2025-04-14,2025-04,Night,Inbound,1864,1854,5966,74.7,28,0
2025-04-18,2025-04-14,2025-04,Day,Pick,3635,3619,11633,93.1,39,0
2025-04-18,2025-04-14,2025-04,Night,Pick,2945,2942,9423,81.5,25,0
2025-04-18,2025-04-14,2025-04,Day,Pack,4116,4094,13170,85.6,27,0
2025-04-18,2025-04-14,2025-04,Night,Pack,3638,3595,11640,92.2,28,0
2025-04-18,2025-04-14,2025-04,Day,Ship,2315,2293,7408,72.0,21,0
2025-04-18,2025-04-14,2025-04,Night,Ship,2359,2353,7550,80.4,16,0
2025-04-18,2025-04-14,2025-04,Day,Returns,1677,1652,5366,79.0,43,0
2025-04-18,2025-04-14,2025-04,Night,Returns,2617,2557,8375,139.8,62,0
2025-04-19,2025-04-14,2025-04,Day,Inbound,2796,2767,8948,94.9,39,0
2025-04-19,2025-04-14,2025-04,Night,Inbound,2388,2353,7640,86.9,29,0
2025-04-19,2025-04-14,2025-04,Day,Pick,3487,3450,11159,94.4,36,0
2025-04-19,2025-04-14,2025-04,Night,Pick,2736,2723,8755,81.1,23,0
2025-04-19,2025-04-14,2025-04,Day,Pack,4871,4850,15587,111.5,26,0
2025-04-19,2025-04-14,2025-04,Night,Pack,3452,3438,11047,98.3,24,0
2025-04-19,2025-04-14,2025-04,Day,Ship,2412,2387,7719,76.9,9,0
2025-04-19,2025-04-14,2025-04,Night,Ship,1886,1880,6036,59.8,17,0
2025-04-19,2025-04-14,2025-04,Day,Returns,1531,1498,4900,69.7,42,0
2025-04-19,2025-04-14,2025-04,Night,Returns,2368,2324,7579,113.5,64,0
2025-04-20,2025-04-14,2025-04,Day,Inbound,3225,3205,10321,102.0,23,0
2025-04-20,2025-04-14,2025-04,Night,Inbound,2834,2803,9070,111.4,39,0
2025-04-20,2025-04-14,2025-04,Day,Pick,2925,2890,9361,75.7,26,0
2025-04-20,2025-04-14,2025-04,Night,Pick,2908,2883,9304,90.8,23,0
2025-04-20,2025-04-14,2025-04,Day,Pack,3695,3679,11825,75.9,34,0
2025-04-20,2025-04-14,2025-04,Night,Pack,4011,3998,12834,93.1,33,0
2025-04-20,2025-04-14,2025-04,Day,Ship,3361,3338,10755,104.7,33,0
2025-04-20,2025-04-14,2025-04,Night,Ship,1932,1919,6182,62.1,18,0
2025-04-20,2025-04-14,2025-04,Day,Returns,2059,2027,6589,87.3,75,0
2025-04-20,2025-04-14,2025-04,Night,Returns,1838,1811,5882,87.2,71,0
2025-04-21,2025-04-21,2025-04,Day,Inbound,3973,3923,12713,130.6,38,0
2025-04-21,2025-04-21,2025-04,Night,Inbound,2544,2502,8140,91.8,29,0
2025-04-21,2025-04-21,2025-04,Day,Pick,3381,3365,10819,86.6,31,0
2025-04-21,2025-04-21,2025-04,Night,Pick,4372,4364,13989,124.2,42,0
2025-04-21,2025-04-21,2025-04,Day,Pack,6042,5988,19333,136.4,23,0
2025-04-21,2025-04-21,2025-04,Night,Pack,4890,4867,15647,110.0,29,0
2025-04-21,2025-04-21,2025-04,Day,Ship,4528,4499,14490,121.0,44,0
2025-04-21,2025-04-21,2025-04,Night,Ship,2288,2288,7322,76.9,21,0
2025-04-21,2025-04-21,2025-04,Day,Returns,2519,2477,8062,123.5,59,0
2025-04-21,2025-04-21,2025-04,Night,Returns,2359,2302,7549,123.0,40,0
2025-04-22,2025-04-21,2025-04,Day,Inbound,3217,3157,10295,114.6,25,0
2025-04-22,2025-04-21,2025-04,Night,Inbound,3540,3513,11329,128.0,30,0
2025-04-22,2025-04-21,2025-04,Day,Pick,4219,4196,13501,110.8,53,0
2025-04-22,2025-04-21,2025-04,Night,Pick,4854,4818,15532,127.0,73,0
2025-04-22,2025-04-21,2025-04,Day,Pack,5660,5603,18112,126.3,23,0
2025-04-22,2025-04-21,2025-04,Night,Pack,3746,3739,11986,90.8,27,0
2025-04-22,2025-04-21,2025-04,Day,Ship,2457,2455,7861,83.7,19,0
2025-04-22,2025-04-21,2025-04,Night,Ship,2560,2532,8191,79.9,25,0
2025-04-22,2025-04-21,2025-04,Day,Returns,2391,2354,7650,112.9,69,0
2025-04-22,2025-04-21,2025-04,Night,Returns,1764,1724,5645,89.0,61,0
2025-04-23,2025-04-21,2025-04,Day,Inbound,3477,3465,11127,116.6,39,0
2025-04-23,2025-04-21,2025-04,Night,Inbound,3309,3286,10589,124.7,45,0
2025-04-23,2025-04-21,2025-04,Day,Pick,3509,3470,11230,86.9,26,0
2025-04-23,2025-04-21,2025-04,Night,Pick,3807,3807,12183,106.0,26,0
2025-04-23,2025-04-21,2025-04,Day,Pack,4175,4175,13361,87.2,31,0
2025-04-23,2025-04-21,2025-04,Night,Pack,5394,5350,17262,132.9,41,0
2025-04-23,2025-04-21,2025-04,Day,Ship,3419,3374,10942,102.2,37,0
2025-04-23,2025-04-21,2025-04,Night,Ship,3646,3599,11667,130.0,35,0
2025-04-23,2025-04-21,2025-04,Day,Returns,2458,2408,7866,136.9,54,0
2025-04-23,2025-04-21,2025-04,Night,Returns,1368,1344,4377,71.0,28,0
2025-04-24,2025-04-21,2025-04,Day,Inbound,4042,4004,12936,138.0,42,0
2025-04-24,2025-04-21,2025-04,Night,Inbound,2451,2430,7842,90.5,23,0
2025-04-24,2025-04-21,2025-04,Day,Pick,3285,3258,10511,79.2,45,0
2025-04-24,2025-04-21,2025-04,Night,Pick,4709,4678,15069,121.7,58,0
2025-04-24,2025-04-21,2025-04,Day,Pack,4724,4724,15116,114.0,25,0
2025-04-24,2025-04-21,2025-04,Night,Pack,4593,4568,14698,116.6,50,0
2025-04-24,2025-04-21,2025-04,Day,Ship,2791,2770,8932,72.5,16,0
2025-04-24,2025-04-21,2025-04,Night,Ship,2640,2614,8449,90.7,23,0
2025-04-24,2025-04-21,2025-04,Day,Returns,2051,2008,6563,86.7,35,0
2025-04-24,2025-04-21,2025-04,Night,Returns,3012,2932,9638,139.4,83,0
2025-04-25,2025-04-21,2025-04,Day,Inbound,3780,3779,12097,135.0,31,0
2025-04-25,2025-04-21,2025-04,Night,Inbound,2265,2255,7247,101.7,15,0
2025-04-25,2025-04-21,2025-04,Day,Pick,4937,4923,15797,131.1,43,0
2025-04-25,2025-04-21,2025-04,Night,Pick,3274,3260,10477,105.2,34,0
2025-04-25,2025-04-21,2025-04,Day,Pack,4603,4566,14730,110.3,18,0
2025-04-25,2025-04-21,2025-04,Night,Pack,3649,3622,11676,106.4,31,0
2025-04-25,2025-04-21,2025-04,Day,Ship,3728,3699,11929,99.8,34,0
2025-04-25,2025-04-21,2025-04,Night,Ship,4395,4349,14064,130.1,46,0
2025-04-25,2025-04-21,2025-04,Day,Returns,1747,1717,5589,77.7,56,0
2025-04-25,2025-04-21,2025-04,Night,Returns,1925,1892,6160,98.5,47,0
2025-04-26,2025-04-21,2025-04,Day,Inbound,3419,3388,10940,104.3,34,0
2025-04-26,2025-04-21,2025-04,Night,Inbound,2294,2270,7341,84.7,22,0
2025-04-26,2025-04-21,2025-04,Day,Pick,2144,2115,6861,60.2,23,0
2025-04-26,2025-04-21,2025-04,Night,Pick,2323,2308,7434,66.5,14,0
2025-04-26,2025-04-21,2025-04,Day,Pack,2975,2949,9519,67.5,38,0
2025-04-26,2025-04-21,2025-04,Night,Pack,4044,4027,12940,92.6,33,0
2025-04-26,2025-04-21,2025-04,Day,Ship,2307,2289,7383,67.9,19,0
2025-04-26,2025-04-21,2025-04,Night,Ship,2761,2744,8835,91.6,23,0
2025-04-26,2025-04-21,2025-04,Day,Returns,1315,1284,4209,61.5,27,0
2025-04-26,2025-04-21,2025-04,Night,Returns,1393,1375,4458,76.2,67,0
2025-04-27,2025-04-21,2025-04,Day,Inbound,2857,2822,9141,85.5,24,0
2025-04-27,2025-04-21,2025-04,Night,Inbound,2652,2649,8486,95.9,26,0
2025-04-27,2025-04-21,2025-04,Day,Pick,3109,3109,9949,66.7,10,0
2025-04-27,2025-04-21,2025-04,Night,Pick,3671,3641,11748,111.4,43,0
2025-04-27,2025-04-21,2025-04,Day,Pack,4936,4910,15794,101.0,43,0
2025-04-27,2025-04-21,2025-04,Night,Pack,3695,3661,11823,105.8,31,0
2025-04-27,2025-04-21,2025-04,Day,Ship,3409,3361,10909,105.9,28,0
2025-04-27,2025-04-21,2025-04,Night,Ship,2063,2047,6603,64.2,24,0
2025-04-27,2025-04-21,2025-04,Day,Returns,1644,1613,5260,75.6,45,0
2025-04-27,2025-04-21,2025-04,Night,Returns,1208,1190,3866,61.9,33,0
2025-04-28,2025-04-28,2025-04,Day,Inbound,2446,2436,7827,90.0,22,0
2025-04-28,2025-04-28,2025-04,Night,Inbound,2121,2104,6788,89.1,31,0
2025-04-28,2025-04-28,2025-04,Day,Pick,2566,2551,8211,77.9,22,0
2025-04-28,2025-04-28,2025-04,Night,Pick,2645,2631,8464,73.5,30,0
2025-04-28,2025-04-28,2025-04,Day,Pack,3988,3981,12761,99.8,26,0
2025-04-28,2025-04-28,2025-04,Night,Pack,3589,3569,11486,89.1,26,0
2025-04-28,2025-04-28,2025-04,Day,Ship,4751,4711,15203,130.1,34,0
2025-04-28,2025-04-28,2025-04,Night,Ship,2322,2314,7431,76.9,23,0
2025-04-28,2025-04-28,2025-04,Day,Returns,1673,1647,5353,75.4,54,0
2025-04-28,2025-04-28,2025-04,Night,Returns,2595,2547,8305,122.0,78,0
2025-04-29,2025-04-28,2025-04,Day,Inbound,2855,2835,9137,87.7,30,1
2025-04-29,2025-04-28,2025-04,Night,Inbound,1928,1911,6168,70.6,20,0
2025-04-29,2025-04-28,2025-04,Day,Pick,4319,4270,13820,107.3,56,0
2025-04-29,2025-04-28,2025-04,Night,Pick,3593,3557,11498,122.8,29,0
2025-04-29,2025-04-28,2025-04,Day,Pack,3134,3130,10030,72.9,21,0
2025-04-29,2025-04-28,2025-04,Night,Pack,4192,4177,13416,106.8,56,0
2025-04-29,2025-04-28,2025-04,Day,Ship,2408,2388,7705,72.1,21,0
2025-04-29,2025-04-28,2025-04,Night,Ship,2607,2598,8342,75.3,18,0
2025-04-29,2025-04-28,2025-04,Day,Returns,1679,1643,5373,80.4,46,0
2025-04-29,2025-04-28,2025-04,Night,Returns,2716,2675,8692,135.6,75,0
2025-04-30,2025-04-28,2025-04,Day,Inbound,2778,2732,8890,81.1,33,0
2025-04-30,2025-04-28,2025-04,Night,Inbound,3592,3566,11494,122.9,34,0
2025-04-30,2025-04-28,2025-04,Day,Pick,4853,4793,15529,125.2,47,0
2025-04-30,2025-04-28,2025-04,Night,Pick,4126,4110,13203,120.8,43,0
2025-04-30,2025-04-28,2025-04,Day,Pack,4436,4423,14194,93.8,47,0
2025-04-30,2025-04-28,2025-04,Night,Pack,4389,4338,14046,97.4,41,0
2025-04-30,2025-04-28,2025-04,Day,Ship,2619,2593,8380,74.1,22,0
2025-04-30,2025-04-28,2025-04,Night,Ship,2737,2724,8759,85.1,27,0
2025-04-30,2025-04-28,2025-04,Day,Returns,2001,1961,6404,94.5,75,0
2025-04-30,2025-04-28,2025-04,Night,Returns,1746,1720,5586,88.6,55,0
2025-05-01,2025-04-28,2025-05,Day,Inbound,2437,2409,7797,82.5,27,0
2025-05-01,2025-04-28,2025-05,Night,Inbound,3570,3542,11425,126.5,60,0
2025-05-01,2025-04-28,2025-05,Day,Pick,4777,4776,15287,124.2,40,0
2025-05-01,2025-04-28,2025-05,Night,Pick,4916,4912,15731,138.8,43,0
2025-05-01,2025-04-28,2025-05,Day,Pack,5522,5522,17670,124.5,55,0
2025-05-01,2025-04-28,2025-05,Night,Pack,4801,4801,15362,126.8,42,0
2025-05-01,2025-04-28,2025-05,Day,Ship,4647,4618,14870,129.6,30,0
2025-05-01,2025-04-28,2025-05,Night,Ship,2409,2409,7709,83.7,16,0
2025-05-01,2025-04-28,2025-05,Day,Returns,1861,1841,5956,84.4,58,0
2025-05-01,2025-04-28,2025-05,Night,Returns,1948,1931,6233,105.6,90,0
2025-05-02,2025-04-28,2025-05,Day,Inbound,3395,3360,10865,128.1,38,0
2025-05-02,2025-04-28,2025-05,Night,Inbound,3500,3464,11201,126.1,43,0
2025-05-02,2025-04-28,2025-05,Day,Pick,2880,2880,9217,75.9,30,0
2025-05-02,2025-04-28,2025-05,Night,Pick,3101,3035,9922,98.1,35,0
2025-05-02,2025-04-28,2025-05,Day,Pack,3912,3912,12520,86.6,19,0
2025-05-02,2025-04-28,2025-05,Night,Pack,3566,3544,11412,89.2,38,0
2025-05-02,2025-04-28,2025-05,Day,Ship,4648,4607,14875,130.7,45,0
2025-05-02,2025-04-28,2025-05,Night,Ship,2202,2174,7045,75.4,22,0
2025-05-02,2025-04-28,2025-05,Day,Returns,2182,2147,6984,102.4,41,0
2025-05-02,2025-04-28,2025-05,Night,Returns,2576,2529,8243,128.4,61,0
2025-05-03,2025-04-28,2025-05,Day,Inbound,3358,3342,10746,110.4,33,0
2025-05-03,2025-04-28,2025-05,Night,Inbound,3191,3175,10212,101.4,21,0
2025-05-03,2025-04-28,2025-05,Day,Pick,2324,2313,7437,68.6,14,0
2025-05-03,2025-04-28,2025-05,Night,Pick,2222,2218,7111,66.2,22,0
2025-05-03,2025-04-28,2025-05,Day,Pack,4973,4950,15914,110.8,35,0
2025-05-03,2025-04-28,2025-05,Night,Pack,2994,2974,9582,75.2,23,0
2025-05-03,2025-04-28,2025-05,Day,Ship,3368,3368,10776,98.0,32,0
2025-05-03,2025-04-28,2025-05,Night,Ship,3367,3319,10775,113.1,30,0
2025-05-03,2025-04-28,2025-05,Day,Returns,1877,1840,6007,78.4,66,0
2025-05-03,2025-04-28,2025-05,Night,Returns,1185,1163,3792,62.4,33,0
2025-05-04,2025-04-28,2025-05,Day,Inbound,2278,2263,7288,74.3,27,0
2025-05-04,2025-04-28,2025-05,Night,Inbound,1599,1579,5117,64.6,24,0
2025-05-04,2025-04-28,2025-05,Day,Pick,4132,4113,13223,100.0,44,0
2025-05-04,2025-04-28,2025-05,Night,Pick,2652,2624,8486,82.1,27,0
2025-05-04,2025-04-28,2025-05,Day,Pack,3612,3602,11558,81.4,39,0
2025-05-04,2025-04-28,2025-05,Night,Pack,2733,2730,8745,64.0,32,0
2025-05-04,2025-04-28,2025-05,Day,Ship,3118,3078,9978,91.9,26,0
2025-05-04,2025-04-28,2025-05,Night,Ship,2935,2918,9393,87.3,20,0
2025-05-04,2025-04-28,2025-05,Day,Returns,2027,1990,6485,85.8,46,0
2025-05-04,2025-04-28,2025-05,Night,Returns,1401,1370,4483,68.2,51,0
2025-05-05,2025-05-05,2025-05,Day,Inbound,3959,3932,12668,138.8,42,0
2025-05-05,2025-05-05,2025-05,Night,Inbound,3591,3577,11492,124.1,36,0
2025-05-05,2025-05-05,2025-05,Day,Pick,4799,4746,15357,139.4,39,0
2025-05-05,2025-05-05,2025-05,Night,Pick,4065,4058,13007,119.3,26,0
2025-05-05,2025-05-05,2025-05,Day,Pack,3125,3125,9999,76.2,22,0
2025-05-05,2025-05-05,2025-05,Night,Pack,3609,3580,11549,93.3,31,0
2025-05-05,2025-05-05,2025-05,Day,Ship,4292,4237,13734,127.3,36,0
2025-05-05,2025-05-05,2025-05,Night,Ship,2968,2943,9496,104.8,24,0
2025-05-05,2025-05-05,2025-05,Day,Returns,2118,2091,6779,95.9,61,0
2025-05-05,2025-05-05,2025-05,Night,Returns,2486,2435,7956,129.7,93,0
2025-05-06,2025-05-05,2025-05,Day,Inbound,2575,2563,8241,84.6,25,0
2025-05-06,2025-05-05,2025-05,Night,Inbound,3673,3673,11753,127.2,34,0
2025-05-06,2025-05-05,2025-05,Day,Pick,3490,3457,11169,83.4,34,0
2025-05-06,2025-05-05,2025-05,Night,Pick,3323,3294,10635,115.8,22,0
2025-05-06,2025-05-05,2025-05,Day,Pack,4806,4806,15378,102.9,30,0
2025-05-06,2025-05-05,2025-05,Night,Pack,3631,3627,11620,96.7,29,0
2025-05-06,2025-05-05,2025-05,Day,Ship,4188,4163,13403,122.8,24,0
2025-05-06,2025-05-05,2025-05,Night,Ship,3767,3765,12053,123.6,42,0
2025-05-06,2025-05-05,2025-05,Day,Returns,2140,2086,6847,101.2,62,0
2025-05-06,2025-05-05,2025-05,Night,Returns,2546,2497,8148,127.7,111,0
2025-05-07,2025-05-05,2025-05,Day,Inbound,3030,2999,9695,108.0,36,0
2025-05-07,2025-05-05,2025-05,Night,Inbound,2994,2968,9581,115.1,23,0
2025-05-07,2025-05-05,2025-05,Day,Pick,3179,3123,10173,85.1,34,0
2025-05-07,2025-05-05,2025-05,Night,Pick,4561,4546,14596,129.3,59,0
2025-05-07,2025-05-05,2025-05,Day,Pack,3757,3731,12021,86.5,29,0
2025-05-07,2025-05-05,2025-05,Night,Pack,4149,4149,13278,98.5,31,0
2025-05-07,2025-05-05,2025-05,Day,Ship,4038,4000,12920,121.1,43,0
2025-05-07,2025-05-05,2025-05,Night,Ship,2906,2881,9299,98.4,28,0
2025-05-07,2025-05-05,2025-05,Day,Returns,2099,2055,6718,101.4,88,0
2025-05-07,2025-05-05,2025-05,Night,Returns,1568,1531,5017,75.7,42,0
2025-05-08,2025-05-05,2025-05,Day,Inbound,2365,2365,7568,76.2,24,0
2025-05-08,2025-05-05,2025-05,Night,Inbound,2440,2405,7809,98.2,22,0
2025-05-08,2025-05-05,2025-05,Day,Pick,5498,5482,17595,137.6,18,0
2025-05-08,2025-05-05,2025-05,Night,Pick,4588,4570,14682,122.4,30,0
2025-05-08,2025-05-05,2025-05,Day,Pack,5939,5921,19005,126.7,41,0
2025-05-08,2025-05-05,2025-05,Night,Pack,3752,3746,12007,86.2,26,0
2025-05-08,2025-05-05,2025-05,Day,Ship,3839,3805,12286,127.0,35,0
2025-05-08,2025-05-05,2025-05,Night,Ship,2685,2662,8591,89.9,21,0
2025-05-08,2025-05-05,2025-05,Day,Returns,2159,2113,6909,105.8,43,0
2025-05-08,2025-05-05,2025-05,Night,Returns,2321,2269,7428,113.7,81,0
2025-05-09,2025-05-05,2025-05,Day,Inbound,2605,2588,8336,88.4,18,0
2025-05-09,2025-05-05,2025-05,Night,Inbound,2774,2742,8877,103.2,26,0
2025-05-09,2025-05-05,2025-05,Day,Pick,4830,4830,15457,121.6,78,0
2025-05-09,2025-05-05,2025-05,Night,Pick,3549,3526,11358,114.4,37,0
2025-05-09,2025-05-05,2025-05,Day,Pack,3901,3879,12482,85.1,35,0
2025-05-09,2025-05-05,2025-05,Night,Pack,3715,3714,11887,92.3,32,0
2025-05-09,2025-05-05,2025-05,Day,Ship,3523,3506,11275,96.7,35,0
2025-05-09,2025-05-05,2025-05,Night,Ship,3323,3298,10633,101.9,19,0
2025-05-09,2025-05-05,2025-05,Day,Returns,2783,2736,8907,138.2,63,0
2025-05-09,2025-05-05,2025-05,Night,Returns,1630,1606,5217,94.5,41,0
2025-05-10,2025-05-05,2025-05,Day,Inbound,2431,2414,7779,80.1,27,0
2025-05-10,2025-05-05,2025-05,Night,Inbound,2045,2019,6545,83.8,18,0
2025-05-10,2025-05-05,2025-05,Day,Pick,4441,4408,14210,109.3,38,0
2025-05-10,2025-05-05,2025-05,Night,Pick,2932,2927,9382,82.5,23,0
2025-05-10,2025-05-05,2025-05,Day,Pack,4003,3957,12809,87.3,24,0
2025-05-10,2025-05-05,2025-05,Night,Pack,3008,3008,9625,74.4,15,0
2025-05-10,2025-05-05,2025-05,Day,Ship,2279,2270,7293,74.1,20,0
2025-05-10,2025-05-05,2025-05,Night,Ship,2775,2759,8879,87.7,21,0
2025-05-10,2025-05-05,2025-05,Day,Returns,2356,2304,7539,103.1,38,0
2025-05-10,2025-05-05,2025-05,Night,Returns,1404,1375,4494,62.1,40,0
2025-05-11,2025-05-05,2025-05,Day,Inbound,2068,2057,6616,71.4,22,0
2025-05-11,2025-05-05,2025-05,Night,Inbound,3081,3047,9859,112.9,34,0
2025-05-11,2025-05-05,2025-05,Day,Pick,3332,3332,10661,78.3,31,0
2025-05-11,2025-05-05,2025-05,Night,Pick,3467,3467,11094,107.2,37,0
2025-05-11,2025-05-05,2025-05,Day,Pack,3815,3806,12207,97.5,36,0
2025-05-11,2025-05-05,2025-05,Night,Pack,4403,4349,14091,102.8,22,0
2025-05-11,2025-05-05,2025-05,Day,Ship,3059,3025,9789,99.3,27,0
2025-05-11,2025-05-05,2025-05,Night,Ship,2439,2430,7804,88.4,25,0
2025-05-11,2025-05-05,2025-05,Day,Returns,1843,1812,5898,94.2,45,0
2025-05-11,2025-05-05,2025-05,Night,Returns,2294,2253,7341,114.1,66,0
2025-05-12,2025-05-12,2025-05,Day,Inbound,3612,3568,11558,106.0,45,0
2025-05-12,2025-05-12,2025-05,Night,Inbound,1848,1828,5915,75.6,17,0
2025-05-12,2025-05-12,2025-05,Day,Pick,3981,3953,12739,118.8,33,0
2025-05-12,2025-05-12,2025-05,Night,Pick,2998,2981,9595,101.5,32,0
2025-05-12,2025-05-12,2025-05,Day,Pack,6211,6195,19876,136.5,45,0
2025-05-12,2025-05-12,2025-05,Night,Pack,4488,4463,14361,116.9,30,0
2025-05-12,2025-05-12,2025-05,Day,Ship,2900,2867,9279,80.0,27,0
2025-05-12,2025-05-12,2025-05,Night,Ship,2516,2485,8051,76.1,19,0
2025-05-12,2025-05-12,2025-05,Day,Returns,3017,2971,9655,124.5,55,0
2025-05-12,2025-05-12,2025-05,Night,Returns,1776,1739,5683,98.4,45,0
2025-05-13,2025-05-12,2025-05,Day,Inbound,2256,2241,7218,88.1,25,0
2025-05-13,2025-05-12,2025-05,Night,Inbound,3853,3831,12330,122.2,34,0
2025-05-13,2025-05-12,2025-05,Day,Pick,3415,3402,10927,92.0,41,0
2025-05-13,2025-05-12,2025-05,Night,Pick,2669,2669,8540,78.1,26,0
2025-05-13,2025-05-12,2025-05,Day,Pack,3749,3745,11998,78.3,26,0
2025-05-13,2025-05-12,2025-05,Night,Pack,5373,5370,17195,132.8,38,0
2025-05-13,2025-05-12,2025-05,Day,Ship,3824,3776,12236,105.1,23,0
2025-05-13,2025-05-12,2025-05,Night,Ship,3052,3026,9768,98.3,43,0
2025-05-13,2025-05-12,2025-05,Day,Returns,2481,2443,7940,98.1,79,0
2025-05-13,2025-05-12,2025-05,Night,Returns,1571,1544,5026,82.5,51,0
2025-05-14,2025-05-12,2025-05,Day,Inbound,3698,3663,11832,116.3,34,0
2025-05-14,2025-05-12,2025-05,Night,Inbound,3166,3148,10131,112.8,31,0
2025-05-14,2025-05-12,2025-05,Day,Pick,5326,5294,17043,138.7,52,0
2025-05-14,2025-05-12,2025-05,Night,Pick,4439,4424,14204,133.9,46,0
2025-05-14,2025-05-12,2025-05,Day,Pack,3935,3898,12592,84.7,17,0
2025-05-14,2025-05-12,2025-05,Night,Pack,4587,4580,14679,121.5,51,0
2025-05-14,2025-05-12,2025-05,Day,Ship,3251,3232,10404,107.5,32,0
2025-05-14,2025-05-12,2025-05,Night,Ship,4061,4016,12995,132.3,36,0
2025-05-14,2025-05-12,2025-05,Day,Returns,1952,1918,6245,91.8,57,0
2025-05-14,2025-05-12,2025-05,Night,Returns,2449,2408,7837,120.3,85,0
2025-05-15,2025-05-12,2025-05,Day,Inbound,3207,3183,10263,114.0,38,0
2025-05-15,2025-05-12,2025-05,Night,Inbound,3183,3144,10186,125.2,36,0
2025-05-15,2025-05-12,2025-05,Day,Pick,4942,4927,15814,128.8,44,0
2025-05-15,2025-05-12,2025-05,Night,Pick,2559,2559,8189,77.5,26,0
2025-05-15,2025-05-12,2025-05,Day,Pack,3276,3251,10483,87.4,25,0
2025-05-15,2025-05-12,2025-05,Night,Pack,4017,3974,12854,103.3,39,0
2025-05-15,2025-05-12,2025-05,Day,Ship,4903,4883,15690,133.6,28,0
2025-05-15,2025-05-12,2025-05,Night,Ship,3412,3391,10917,101.5,42,0
2025-05-15,2025-05-12,2025-05,Day,Returns,2337,2291,7479,110.9,48,0
2025-05-15,2025-05-12,2025-05,Night,Returns,2428,2374,7770,110.2,62,0
2025-05-16,2025-05-12,2025-05,Day,Inbound,4201,4137,13442,139.4,38,0
2025-05-16,2025-05-12,2025-05,Night,Inbound,2318,2302,7419,82.3,34,0
2025-05-16,2025-05-12,2025-05,Day,Pick,3971,3935,12708,103.8,29,0
2025-05-16,2025-05-12,2025-05,Night,Pick,5055,5029,16176,129.4,48,0
2025-05-16,2025-05-12,2025-05,Day,Pack,3619,3613,11582,88.3,31,0
2025-05-16,2025-05-12,2025-05,Night,Pack,3090,3090,9887,72.8,24,0
2025-05-16,2025-05-12,2025-05,Day,Ship,2959,2937,9468,76.8,32,0
2025-05-16,2025-05-12,2025-05,Night,Ship,3818,3793,12218,120.6,22,0
2025-05-16,2025-05-12,2025-05,Day,Returns,1878,1842,6008,77.5,47,0
2025-05-16,2025-05-12,2025-05,Night,Returns,1458,1425,4664,77.3,37,0
2025-05-17,2025-05-12,2025-05,Day,Inbound,3339,3297,10684,112.4,45,0
2025-05-17,2025-05-12,2025-05,Night,Inbound,2385,2347,7633,85.6,32,0
2025-05-17,2025-05-12,2025-05,Day,Pick,2396,2392,7666,64.0,9,0
2025-05-17,2025-05-12,2025-05,Night,Pick,3091,3061,9892,103.3,41,0
2025-05-17,2025-05-12,2025-05,Day,Pack,3403,3388,10891,82.5,35,0
2025-05-17,2025-05-12,2025-05,Night,Pack,4350,4335,13921,117.4,27,0
2025-05-17,2025-05-12,2025-05,Day,Ship,3517,3508,11255,109.9,25,0
2025-05-17,2025-05-12,2025-05,Night,Ship,2486,2455,7955,77.0,36,0
2025-05-17,2025-05-12,2025-05,Day,Returns,2453,2402,7850,99.3,103,0
2025-05-17,2025-05-12,2025-05,Night,Returns,1623,1582,5193,83.1,57,0
2025-05-18,2025-05-12,2025-05,Day,Inbound,3281,3229,10498,118.7,29,0
2025-05-18,2025-05-12,2025-05,Night,Inbound,2721,2686,8706,97.9,18,0
2025-05-18,2025-05-12,2025-05,Day,Pick,4107,4077,13141,105.5,29,0
2025-05-18,2025-05-12,2025-05,Night,Pick,3652,3612,11688,107.9,43,0
2025-05-18,2025-05-12,2025-05,Day,Pack,3740,3718,11968,85.0,39,0
2025-05-18,2025-05-12,2025-05,Night,Pack,3609,3591,11548,97.1,38,0
2025-05-18,2025-05-12,2025-05,Day,Ship,3578,3552,11450,111.4,29,0
2025-05-18,2025-05-12,2025-05,Night,Ship,2086,2074,6676,74.8,13,0
2025-05-18,2025-05-12,2025-05,Day,Returns,1680,1656,5377,80.3,42,0
2025-05-18,2025-05-12,2025-05,Night,Returns,1585,1560,5072,72.1,51,0
2025-05-19,2025-05-19,2025-05,Day,Inbound,3248,3226,10394,109.4,37,0
2025-05-19,2025-05-19,2025-05,Night,Inbound,2412,2388,7718,99.2,30,0
2025-05-19,2025-05-19,2025-05,Day,Pick,3141,3125,10052,88.6,28,0
2025-05-19,2025-05-19,2025-05,Night,Pick,4251,4211,13602,100.1,51,0
2025-05-19,2025-05-19,2025-05,Day,Pack,5214,5195,16686,119.0,55,0
2025-05-19,2025-05-19,2025-05,Night,Pack,4067,4059,13013,92.1,35,0
2025-05-19,2025-05-19,2025-05,Day,Ship,3481,3456,11138,97.7,39,0
2025-05-19,2025-05-19,2025-05,Night,Ship,3074,3058,9836,104.9,12,0
2025-05-19,2025-05-19,2025-05,Day,Returns,2865,2804,9168,127.0,98,0
2025-05-19,2025-05-19,2025-05,Night,Returns,1715,1684,5488,101.0,38,0
2025-05-20,2025-05-19,2025-05,Day,Inbound,3280,3262,10497,112.9,39,0
2025-05-20,2025-05-19,2025-05,Night,Inbound,2863,2822,9163,115.4,9,0
2025-05-20,2025-05-19,2025-05,Day,Pick,4407,4349,14101,116.5,45,0
2025-05-20,2025-05-19,2025-05,Night,Pick,4078,4053,13049,118.0,32,0
2025-05-20,2025-05-19,2025-05,Day,Pack,4776,4760,15283,132.6,56,0
2025-05-20,2025-05-19,2025-05,Night,Pack,3325,3269,10640,79.3,28,0
2025-05-20,2025-05-19,2025-05,Day,Ship,2458,2425,7865,77.8,13,0
2025-05-20,2025-05-19,2025-05,Night,Ship,3005,2980,9616,101.5,20,0
2025-05-20,2025-05-19,2025-05,Day,Returns,2747,2704,8789,134.0,74,0
2025-05-20,2025-05-19,2025-05,Night,Returns,2631,2579,8418,138.8,48,0
2025-05-21,2025-05-19,2025-05,Day,Inbound,4648,4630,14872,137.0,66,0
2025-05-21,2025-05-19,2025-05,Night,Inbound,2552,2522,8166,88.1,33,0
2025-05-21,2025-05-19,2025-05,Day,Pick,3534,3510,11308,94.0,27,0
2025-05-21,2025-05-19,2025-05,Night,Pick,4848,4831,15512,133.6,25,0
2025-05-21,2025-05-19,2025-05,Day,Pack,6450,6437,20640,134.5,44,0
2025-05-21,2025-05-19,2025-05,Night,Pack,3861,3836,12354,106.9,32,0
2025-05-21,2025-05-19,2025-05,Day,Ship,4041,4015,12931,112.8,28,0
2025-05-21,2025-05-19,2025-05,Night,Ship,3978,3970,12729,134.2,48,0
2025-05-21,2025-05-19,2025-05,Day,Returns,2528,2471,8089,112.0,68,0
2025-05-21,2025-05-19,2025-05,Night,Returns,2982,2954,9542,134.5,98,0
2025-05-22,2025-05-19,2025-05,Day,Inbound,2248,2233,7195,79.0,34,0
2025-05-22,2025-05-19,2025-05,Night,Inbound,2203,2174,7050,80.7,25,0
2025-05-22,2025-05-19,2025-05,Day,Pick,3593,3555,11497,108.0,44,0
2025-05-22,2025-05-19,2025-05,Night,Pick,3858,3837,12345,115.4,50,0
2025-05-22,2025-05-19,2025-05,Day,Pack,4109,4072,13150,100.1,32,0
2025-05-22,2025-05-19,2025-05,Night,Pack,5332,5332,17063,138.9,49,0
2025-05-22,2025-05-19,2025-05,Day,Ship,4518,4463,14456,127.7,53,0
2025-05-22,2025-05-19,2025-05,Night,Ship,2184,2178,6989,73.9,24,0
2025-05-22,2025-05-19,2025-05,Day,Returns,2406,2359,7700,118.6,62,0
2025-05-22,2025-05-19,2025-05,Night,Returns,1730,1701,5536,85.7,30,0
2025-05-23,2025-05-19,2025-05,Day,Inbound,2877,2877,9207,89.7,32,0
2025-05-23,2025-05-19,2025-05,Night,Inbound,3677,3659,11765,134.8,37,0
2025-05-23,2025-05-19,2025-05,Day,Pick,3728,3706,11930,90.0,25,0
2025-05-23,2025-05-19,2025-05,Night,Pick,2942,2916,9413,79.8,28,0
2025-05-23,2025-05-19,2025-05,Day,Pack,5078,5057,16250,120.7,45,0
2025-05-23,2025-05-19,2025-05,Night,Pack,5645,5631,18064,125.7,43,0
2025-05-23,2025-05-19,2025-05,Day,Ship,4232,4194,13542,110.5,45,0
2025-05-23,2025-05-19,2025-05,Night,Ship,4206,4206,13458,130.5,57,0
2025-05-23,2025-05-19,2025-05,Day,Returns,2007,1985,6422,90.2,67,0
2025-05-23,2025-05-19,2025-05,Night,Returns,2536,2489,8115,132.9,85,0
2025-05-24,2025-05-19,2025-05,Day,Inbound,2275,2275,7280,72.5,24,0
2025-05-24,2025-05-19,2025-05,Night,Inbound,2781,2771,8898,100.1,20,0
2025-05-24,2025-05-19,2025-05,Day,Pick,4184,4180,13389,100.6,40,0
2025-05-24,2025-05-19,2025-05,Night,Pick,3468,3466,11097,110.4,15,1
2025-05-24,2025-05-19,2025-05,Day,Pack,4173,4149,13354,94.6,30,0
2025-05-24,2025-05-19,2025-05,Night,Pack,3600,3579,11520,95.8,24,0
2025-05-24,2025-05-19,2025-05,Day,Ship,2376,2367,7604,81.4,24,0
2025-05-24,2025-05-19,2025-05,Night,Ship,2455,2439,7856,73.2,19,0
2025-05-24,2025-05-19,2025-05,Day,Returns,1449,1422,4637,66.8,50,1
2025-05-24,2025-05-19,2025-05,Night,Returns,1363,1344,4361,66.7,39,0
2025-05-25,2025-05-19,2025-05,Day,Inbound,3395,3351,10865,114.1,27,0
2025-05-25,2025-05-19,2025-05,Night,Inbound,1613,1604,5162,59.9,22,0
2025-05-25,2025-05-19,2025-05,Day,Pick,4137,4132,13237,98.3,38,0
2025-05-25,2025-05-19,2025-05,Night,Pick,2381,2376,7619,66.6,20,0
2025-05-25,2025-05-19,2025-05,Day,Pack,2763,2751,8843,73.7,24,0
2025-05-25,2025-05-19,2025-05,Night,Pack,4194,4194,13420,92.7,49,0
2025-05-25,2025-05-19,2025-05,Day,Ship,2902,2860,9288,82.4,22,0
2025-05-25,2025-05-19,2025-05,Night,Ship,3605,3588,11535,113.5,35,0
2025-05-25,2025-05-19,2025-05,Day,Returns,2493,2466,7978,116.2,81,0
2025-05-25,2025-05-19,2025-05,Night,Returns,2004,1964,6413,109.0,63,0
2025-05-26,2025-05-26,2025-05,Day,Inbound,2238,2217,7163,82.5,30,0
2025-05-26,2025-05-26,2025-05,Night,Inbound,2518,2516,8057,100.8,39,0
2025-05-26,2025-05-26,2025-05,Day,Pick,4646,4606,14866,123.5,24,0
2025-05-26,2025-05-26,2025-05,Night,Pick,3428,3409,10968,98.9,42,0
2025-05-26,2025-05-26,2025-05,Day,Pack,3328,3299,10650,74.3,37,0
2025-05-26,2025-05-26,2025-05,Night,Pack,4503,4475,14411,105.6,39,0
2025-05-26,2025-05-26,2025-05,Day,Ship,2775,2745,8881,86.9,27,0
2025-05-26,2025-05-26,2025-05,Night,Ship,3319,3304,10622,121.1,37,0
2025-05-26,2025-05-26,2025-05,Day,Returns,2160,2136,6911,112.1,69,0
2025-05-26,2025-05-26,2025-05,Night,Returns,1669,1637,5342,75.3,42,0
2025-05-27,2025-05-26,2025-05,Day,Inbound,3357,3308,10742,120.1,45,0
2025-05-27,2025-05-26,2025-05,Night,Inbound,2507,2489,8021,102.3,21,0
2025-05-27,2025-05-26,2025-05,Day,Pick,4631,4586,14818,119.5,37,0
2025-05-27,2025-05-26,2025-05,Night,Pick,2523,2495,8074,85.8,19,0
2025-05-27,2025-05-26,2025-05,Day,Pack,3853,3820,12330,78.6,42,0
2025-05-27,2025-05-26,2025-05,Night,Pack,3322,3309,10629,85.5,14,0
2025-05-27,2025-05-26,2025-05,Day,Ship,2671,2668,8547,71.9,21,0
2025-05-27,2025-05-26,2025-05,Night,Ship,2575,2556,8239,88.3,11,0
2025-05-27,2025-05-26,2025-05,Day,Returns,1863,1829,5963,80.4,58,1
2025-05-27,2025-05-26,2025-05,Night,Returns,1338,1319,4281,73.6,47,0
2025-05-28,2025-05-26,2025-05,Day,Inbound,3157,3134,10101,101.0,40,0
2025-05-28,2025-05-26,2025-05,Night,Inbound,3788,3745,12121,130.9,41,0
2025-05-28,2025-05-26,2025-05,Day,Pick,4227,4174,13527,110.7,57,0
2025-05-28,2025-05-26,2025-05,Night,Pick,3703,3659,11851,113.4,27,0
2025-05-28,2025-05-26,2025-05,Day,Pack,5747,5747,18389,136.1,53,0
2025-05-28,2025-05-26,2025-05,Night,Pack,2741,2741,8770,72.1,20,0
2025-05-28,2025-05-26,2025-05,Day,Ship,2551,2531,8162,70.8,24,0
2025-05-28,2025-05-26,2025-05,Night,Ship,4070,4030,13024,128.7,32,0
2025-05-28,2025-05-26,2025-05,Day,Returns,1440,1405,4607,75.0,40,0
2025-05-28,2025-05-26,2025-05,Night,Returns,2201,2158,7042,115.8,73,1
2025-05-29,2025-05-26,2025-05,Day,Inbound,3389,3342,10846,107.1,43,0
2025-05-29,2025-05-26,2025-05,Night,Inbound,2703,2683,8650,96.0,39,0
2025-05-29,2025-05-26,2025-05,Day,Pick,5139,5105,16445,131.2,59,0
2025-05-29,2025-05-26,2025-05,Night,Pick,3299,3283,10556,95.0,43,0
2025-05-29,2025-05-26,2025-05,Day,Pack,5002,4979,16005,108.5,46,0
2025-05-29,2025-05-26,2025-05,Night,Pack,3106,3092,9939,82.4,26,0
2025-05-29,2025-05-26,2025-05,Day,Ship,4304,4285,13773,136.3,27,0
2025-05-29,2025-05-26,2025-05,Night,Ship,3238,3193,10363,91.5,26,0
2025-05-29,2025-05-26,2025-05,Day,Returns,2308,2262,7387,97.4,41,0
2025-05-29,2025-05-26,2025-05,Night,Returns,1528,1501,4891,76.4,66,0
2025-05-30,2025-05-26,2025-05,Day,Inbound,4088,4052,13083,137.4,29,0
2025-05-30,2025-05-26,2025-05,Night,Inbound,2726,2715,8722,96.0,29,0
2025-05-30,2025-05-26,2025-05,Day,Pick,3968,3947,12699,115.4,26,0
2025-05-30,2025-05-26,2025-05,Night,Pick,4436,4398,14195,125.9,44,0
2025-05-30,2025-05-26,2025-05,Day,Pack,4202,4176,13448,94.7,30,0
2025-05-30,2025-05-26,2025-05,Night,Pack,3776,3776,12083,99.5,42,0
2025-05-30,2025-05-26,2025-05,Day,Ship,4484,4459,14349,129.1,54,0
2025-05-30,2025-05-26,2025-05,Night,Ship,3148,3121,10075,101.2,35,0
2025-05-30,2025-05-26,2025-05,Day,Returns,2265,2215,7249,99.8,49,0
2025-05-30,2025-05-26,2025-05,Night,Returns,2695,2643,8623,126.5,83,0
2025-05-31,2025-05-26,2025-05,Day,Inbound,3357,3337,10742,113.9,32,0
2025-05-31,2025-05-26,2025-05,Night,Inbound,2537,2529,8118,86.5,25,0
2025-05-31,2025-05-26,2025-05,Day,Pick,3023,3006,9675,82.1,28,0
2025-05-31,2025-05-26,2025-05,Night,Pick,2676,2672,8562,77.7,21,0
2025-05-31,2025-05-26,2025-05,Day,Pack,4381,4368,14019,99.5,40,0
2025-05-31,2025-05-26,2025-05,Night,Pack,4054,4054,12973,106.6,18,0
2025-05-31,2025-05-26,2025-05,Day,Ship,3642,3613,11656,118.6,23,0
2025-05-31,2025-05-26,2025-05,Night,Ship,2509,2477,8030,73.6,17,0
2025-05-31,2025-05-26,2025-05,Day,Returns,1794,1753,5742,81.5,54,0
2025-05-31,2025-05-26,2025-05,Night,Returns,1337,1308,4277,77.8,25,0
2025-06-01,2025-05-26,2025-06,Day,Inbound,2594,2578,8301,87.2,24,0
2025-06-01,2025-05-26,2025-06,Night,Inbound,3010,2991,9631,114.0,23,0
2025-06-01,2025-05-26,2025-06,Day,Pick,3956,3887,12660,108.0,57,0
2025-06-01,2025-05-26,2025-06,Night,Pick,3517,3503,11254,103.5,51,0
2025-06-01,2025-05-26,2025-06,Day,Pack,4722,4690,15109,110.5,19,0
2025-06-01,2025-05-26,2025-06,Night,Pack,3612,3596,11558,102.0,32,0
2025-06-01,2025-05-26,2025-06,Day,Ship,2409,2391,7710,85.2,26,0
2025-06-01,2025-05-26,2025-06,Night,Ship,3250,3216,10401,102.0,25,0
2025-06-01,2025-05-26,2025-06,Day,Returns,2292,2242,7334,96.4,32,0
2025-06-01,2025-05-26,2025-06,Night,Returns,2079,2040,6653,118.9,82,0
2025-06-02,2025-06-02,2025-06,Day,Inbound,3615,3575,11569,118.4,41,0
2025-06-02,2025-06-02,2025-06,Night,Inbound,2873,2868,9195,111.5,31,0
2025-06-02,2025-06-02,2025-06,Day,Pick,4580,4533,14655,107.1,34,0
2025-06-02,2025-06-02,2025-06,Night,Pick,2586,2575,8275,71.6,28,0
2025-06-02,2025-06-02,2025-06,Day,Pack,3675,3652,11761,78.6,26,0
2025-06-02,2025-06-02,2025-06,Night,Pack,5411,5392,17314,136.5,46,0
2025-06-02,2025-06-02,2025-06,Day,Ship,4156,4134,13300,121.1,19,0
2025-06-02,2025-06-02,2025-06,Night,Ship,4217,4189,13495,136.6,33,0
2025-06-02,2025-06-02,2025-06,Day,Returns,1793,1765,5738,74.1,66,0
2025-06-02,2025-06-02,2025-06,Night,Returns,2093,2058,6699,106.3,71,0
2025-06-03,2025-06-02,2025-06,Day,Inbound,3168,3121,10137,107.9,20,0
2025-06-03,2025-06-02,2025-06,Night,Inbound,3387,3353,10838,119.8,33,0
2025-06-03,2025-06-02,2025-06,Day,Pick,3243,3243,10379,88.0,33,0
2025-06-03,2025-06-02,2025-06,Night,Pick,3156,3156,10098,95.5,42,0
2025-06-03,2025-06-02,2025-06,Day,Pack,6172,6100,19751,130.0,33,0
2025-06-03,2025-06-02,2025-06,Night,Pack,4042,4042,12935,101.2,23,0
2025-06-03,2025-06-02,2025-06,Day,Ship,3576,3556,11444,104.2,27,0
2025-06-03,2025-06-02,2025-06,Night,Ship,4268,4248,13657,133.5,48,0
2025-06-03,2025-06-02,2025-06,Day,Returns,1596,1564,5107,75.4,53,0
2025-06-03,2025-06-02,2025-06,Night,Returns,2772,2707,8871,131.0,79,0
2025-06-04,2025-06-02,2025-06,Day,Inbound,3894,3852,12460,128.3,47,0
2025-06-04,2025-06-02,2025-06,Night,Inbound,3697,3672,11829,133.7,59,0
2025-06-04,2025-06-02,2025-06,Day,Pick,3164,3150,10126,85.6,26,0
2025-06-04,2025-06-02,2025-06,Night,Pick,2551,2534,8162,77.8,27,0
2025-06-04,2025-06-02,2025-06,Day,Pack,4982,4957,15943,118.3,50,0
2025-06-04,2025-06-02,2025-06,Night,Pack,2917,2905,9335,71.7,21,0
2025-06-04,2025-06-02,2025-06,Day,Ship,3295,3269,10543,96.3,30,0
2025-06-04,2025-06-02,2025-06,Night,Ship,3368,3355,10778,111.5,33,0
2025-06-04,2025-06-02,2025-06,Day,Returns,2411,2363,7716,97.3,81,0
2025-06-04,2025-06-02,2025-06,Night,Returns,2578,2531,8248,126.0,63,0
2025-06-05,2025-06-02,2025-06,Day,Inbound,3484,3430,11149,110.9,26,0
2025-06-05,2025-06-02,2025-06,Night,Inbound,2808,2787,8985,104.3,35,0
2025-06-05,2025-06-02,2025-06,Day,Pick,5199,5193,16638,131.4,32,0
2025-06-05,2025-06-02,2025-06,Night,Pick,3676,3640,11762,108.8,38,0
2025-06-05,2025-06-02,2025-06,Day,Pack,3732,3694,11941,88.9,44,0
2025-06-05,2025-06-02,2025-06,Night,Pack,3826,3807,12244,108.8,37,0
2025-06-05,2025-06-02,2025-06,Day,Ship,3367,3346,10774,95.2,10,0
2025-06-05,2025-06-02,2025-06,Night,Ship,3414,3396,10925,111.4,22,0
2025-06-05,2025-06-02,2025-06,Day,Returns,1872,1837,5990,84.8,55,0
2025-06-05,2025-06-02,2025-06,Night,Returns,1437,1412,4597,74.0,26,0
2025-06-06,2025-06-02,2025-06,Day,Inbound,2412,2388,7718,74.8,33,0
2025-06-06,2025-06-02,2025-06,Night,Inbound,1840,1836,5887,70.1,28,0
2025-06-06,2025-06-02,2025-06,Day,Pick,3476,3448,11123,102.9,50,0
2025-06-06,2025-06-02,2025-06,Night,Pick,2593,2558,8297,70.7,32,0
2025-06-06,2025-06-02,2025-06,Day,Pack,4163,4158,13322,95.0,33,0
2025-06-06,2025-06-02,2025-06,Night,Pack,3811,3782,12196,97.2,44,0
2025-06-06,2025-06-02,2025-06,Day,Ship,4239,4196,13565,121.4,37,0
2025-06-06,2025-06-02,2025-06,Night,Ship,2738,2719,8760,76.8,37,0
2025-06-06,2025-06-02,2025-06,Day,Returns,2710,2659,8672,119.8,85,0
2025-06-06,2025-06-02,2025-06,Night,Returns,1604,1567,5133,75.5,53,0
2025-06-07,2025-06-02,2025-06,Day,Inbound,2334,2311,7469,87.3,11,0
2025-06-07,2025-06-02,2025-06,Night,Inbound,2439,2410,7805,104.0,25,0
2025-06-07,2025-06-02,2025-06,Day,Pick,2941,2939,9412,75.7,27,0
2025-06-07,2025-06-02,2025-06,Night,Pick,2169,2167,6940,60.4,20,0
2025-06-07,2025-06-02,2025-06,Day,Pack,4778,4760,15290,114.8,39,0
2025-06-07,2025-06-02,2025-06,Night,Pack,2584,2581,8268,65.0,26,0
2025-06-07,2025-06-02,2025-06,Day,Ship,2321,2321,7428,64.3,20,0
2025-06-07,2025-06-02,2025-06,Night,Ship,2116,2112,6771,67.6,16,0
2025-06-07,2025-06-02,2025-06,Day,Returns,1506,1478,4819,64.4,21,0
2025-06-07,2025-06-02,2025-06,Night,Returns,1577,1544,5046,90.3,26,0
2025-06-08,2025-06-02,2025-06,Day,Inbound,1958,1945,6265,65.8,17,0
2025-06-08,2025-06-02,2025-06,Night,Inbound,1813,1790,5801,70.4,15,0
2025-06-08,2025-06-02,2025-06,Day,Pick,2558,2533,8187,76.1,20,0
2025-06-08,2025-06-02,2025-06,Night,Pick,3632,3624,11621,104.4,28,0
2025-06-08,2025-06-02,2025-06,Day,Pack,2938,2935,9401,67.0,26,0
2025-06-08,2025-06-02,2025-06,Night,Pack,3340,3322,10689,75.7,23,0
2025-06-08,2025-06-02,2025-06,Day,Ship,3703,3684,11850,106.1,23,0
2025-06-08,2025-06-02,2025-06,Night,Ship,3186,3169,10196,94.7,21,0
2025-06-08,2025-06-02,2025-06,Day,Returns,1587,1563,5077,76.1,23,0
2025-06-08,2025-06-02,2025-06,Night,Returns,1374,1349,4396,65.8,47,0
2025-06-09,2025-06-09,2025-06,Day,Inbound,2592,2570,8293,86.1,53,0
2025-06-09,2025-06-09,2025-06,Night,Inbound,3503,3471,11210,132.7,40,0
2025-06-09,2025-06-09,2025-06,Day,Pick,4681,4632,14979,123.9,39,0
2025-06-09,2025-06-09,2025-06,Night,Pick,3898,3862,12472,133.4,40,0
2025-06-09,2025-06-09,2025-06,Day,Pack,4158,4134,13306,92.1,32,0
2025-06-09,2025-06-09,2025-06,Night,Pack,3763,3738,12042,91.7,41,0
2025-06-09,2025-06-09,2025-06,Day,Ship,4191,4171,13411,122.6,43,0
2025-06-09,2025-06-09,2025-06,Night,Ship,3225,3188,10320,93.3,28,1
2025-06-09,2025-06-09,2025-06,Day,Returns,1813,1785,5803,81.1,68,0
2025-06-09,2025-06-09,2025-06,Night,Returns,2312,2261,7399,104.9,87,0
2025-06-10,2025-06-09,2025-06,Day,Inbound,2908,2894,9304,90.3,27,0
2025-06-10,2025-06-09,2025-06,Night,Inbound,3207,3178,10263,115.1,50,0
2025-06-10,2025-06-09,2025-06,Day,Pick,2895,2866,9263,80.3,38,0
2025-06-10,2025-06-09,2025-06,Night,Pick,3618,3598,11579,115.8,28,0
2025-06-10,2025-06-09,2025-06,Day,Pack,3456,3445,11059,80.8,13,0
2025-06-10,2025-06-09,2025-06,Night,Pack,3712,3701,11880,107.3,37,0
2025-06-10,2025-06-09,2025-06,Day,Ship,4492,4461,14375,112.5,32,0
2025-06-10,2025-06-09,2025-06,Night,Ship,3271,3237,10468,107.4,30,0
2025-06-10,2025-06-09,2025-06,Day,Returns,1716,1686,5491,71.5,50,0
2025-06-10,2025-06-09,2025-06,Night,Returns,2485,2431,7951,117.4,94,0
2025-06-11,2025-06-09,2025-06,Day,Inbound,2150,2127,6879,76.8,14,0
2025-06-11,2025-06-09,2025-06,Night,Inbound,1954,1936,6253,76.5,26,0
2025-06-11,2025-06-09,2025-06,Day,Pick,4181,4159,13378,110.9,52,0
2025-06-11,2025-06-09,2025-06,Night,Pick,3757,3732,12022,111.6,30,0
2025-06-11,2025-06-09,2025-06,Day,Pack,5505,5482,17615,127.8,48,0
2025-06-11,2025-06-09,2025-06,Night,Pack,3269,3269,10462,90.8,23,0
2025-06-11,2025-06-09,2025-06,Day,Ship,3769,3735,12062,117.4,49,0
2025-06-11,2025-06-09,2025-06,Night,Ship,2398,2374,7672,79.5,25,0
2025-06-11,2025-06-09,2025-06,Day,Returns,1508,1493,4827,73.7,27,0
2025-06-11,2025-06-09,2025-06,Night,Returns,2116,2078,6772,109.1,70,0
2025-06-12,2025-06-09,2025-06,Day,Inbound,3669,3620,11740,134.0,45,0
2025-06-12,2025-06-09,2025-06,Night,Inbound,2961,2928,9474,105.2,13,0
2025-06-12,2025-06-09,2025-06,Day,Pick,4041,4038,12931,112.5,35,0
2025-06-12,2025-06-09,2025-06,Night,Pick,3493,3450,11178,106.1,50,0
2025-06-12,2025-06-09,2025-06,Day,Pack,3937,3914,12599,83.8,31,0
2025-06-12,2025-06-09,2025-06,Night,Pack,4127,4108,13205,102.2,16,0
2025-06-12,2025-06-09,2025-06,Day,Ship,4205,4165,13456,129.0,30,0
2025-06-12,2025-06-09,2025-06,Night,Ship,3009,2976,9629,97.0,24,0
2025-06-12,2025-06-09,2025-06,Day,Returns,1478,1442,4729,70.1,54,0
2025-06-12,2025-06-09,2025-06,Night,Returns,1429,1402,4572,76.5,35,0
2025-06-13,2025-06-09,2025-06,Day,Inbound,2012,1992,6438,71.9,15,0
2025-06-13,2025-06-09,2025-06,Night,Inbound,2853,2830,9129,110.6,27,0
2025-06-13,2025-06-09,2025-06,Day,Pick,4009,3967,12828,97.1,38,0
2025-06-13,2025-06-09,2025-06,Night,Pick,3942,3907,12613,119.0,37,0
2025-06-13,2025-06-09,2025-06,Day,Pack,2992,2970,9573,71.9,21,0
2025-06-13,2025-06-09,2025-06,Night,Pack,5077,5062,16245,118.4,27,0
2025-06-13,2025-06-09,2025-06,Day,Ship,2802,2769,8966,78.3,30,0
2025-06-13,2025-06-09,2025-06,Night,Ship,3004,2999,9613,102.5,13,0
2025-06-13,2025-06-09,2025-06,Day,Returns,2467,2434,7894,113.4,80,1
2025-06-13,2025-06-09,2025-06,Night,Returns,1461,1453,4674,70.4,46,0
2025-06-14,2025-06-09,2025-06,Day,Inbound,3068,3037,9817,101.8,41,0
2025-06-14,2025-06-09,2025-06,Night,Inbound,2529,2507,8092,109.2,44,0
2025-06-14,2025-06-09,2025-06,Day,Pick,2586,2575,8275,74.2,15,0
2025-06-14,2025-06-09,2025-06,Night,Pick,3997,3981,12789,117.4,37,0
2025-06-14,2025-06-09,2025-06,Day,Pack,2926,2922,9362,70.3,21,0
2025-06-14,2025-06-09,2025-06,Night,Pack,3071,3056,9826,74.7,33,0
2025-06-14,2025-06-09,2025-06,Day,Ship,3858,3858,12345,92.9,39,0
2025-06-14,2025-06-09,2025-06,Night,Ship,2690,2676,8608,82.0,14,0
2025-06-14,2025-06-09,2025-06,Day,Returns,1946,1906,6228,88.6,63,0
2025-06-14,2025-06-09,2025-06,Night,Returns,2170,2126,6943,108.6,64,0
2025-06-15,2025-06-09,2025-06,Day,Inbound,3114,3088,9966,101.3,27,0
2025-06-15,2025-06-09,2025-06,Night,Inbound,3016,2978,9652,113.1,40,0
2025-06-15,2025-06-09,2025-06,Day,Pick,2492,2481,7976,65.8,29,0
2025-06-15,2025-06-09,2025-06,Night,Pick,2529,2508,8093,79.2,21,0
2025-06-15,2025-06-09,2025-06,Day,Pack,2834,2820,9069,73.4,26,0
2025-06-15,2025-06-09,2025-06,Night,Pack,2965,2934,9487,68.8,20,0
2025-06-15,2025-06-09,2025-06,Day,Ship,3579,3578,11452,106.7,14,0
2025-06-15,2025-06-09,2025-06,Night,Ship,1716,1702,5492,60.1,16,0
2025-06-15,2025-06-09,2025-06,Day,Returns,1865,1817,5968,82.3,59,0
2025-06-15,2025-06-09,2025-06,Night,Returns,1895,1859,6064,95.5,65,0
2025-06-16,2025-06-16,2025-06,Day,Inbound,2717,2692,8695,94.5,36,0
2025-06-16,2025-06-16,2025-06,Night,Inbound,2392,2371,7654,93.7,30,0
2025-06-16,2025-06-16,2025-06,Day,Pick,2772,2768,8869,81.9,19,0
2025-06-16,2025-06-16,2025-06,Night,Pick,3933,3917,12587,116.1,49,0
2025-06-16,2025-06-16,2025-06,Day,Pack,3891,3891,12450,86.0,30,0
2025-06-16,2025-06-16,2025-06,Night,Pack,3961,3939,12675,99.6,34,0
2025-06-16,2025-06-16,2025-06,Day,Ship,2688,2657,8600,87.4,22,1
2025-06-16,2025-06-16,2025-06,Night,Ship,3304,3280,10573,103.6,37,0
2025-06-16,2025-06-16,2025-06,Day,Returns,2107,2067,6741,93.8,46,0
2025-06-16,2025-06-16,2025-06,Night,Returns,1437,1407,4599,74.0,34,0
2025-06-17,2025-06-16,2025-06,Day,Inbound,1832,1824,5864,72.2,16,0
2025-06-17,2025-06-16,2025-06,Night,Inbound,3054,3021,9774,111.3,33,0
2025-06-17,2025-06-16,2025-06,Day,Pick,5210,5166,16671,139.1,72,0
2025-06-17,2025-06-16,2025-06,Night,Pick,4177,4161,13365,122.8,26,0
2025-06-17,2025-06-16,2025-06,Day,Pack,5288,5267,16923,113.4,47,0
2025-06-17,2025-06-16,2025-06,Night,Pack,4428,4386,14170,102.4,37,0
2025-06-17,2025-06-16,2025-06,Day,Ship,4186,4182,13395,118.5,38,0
2025-06-17,2025-06-16,2025-06,Night,Ship,2225,2205,7120,81.2,28,0
2025-06-17,2025-06-16,2025-06,Day,Returns,2419,2388,7741,107.1,66,0
2025-06-17,2025-06-16,2025-06,Night,Returns,2489,2440,7965,106.8,102,0
2025-06-18,2025-06-16,2025-06,Day,Inbound,3848,3826,12312,138.6,44,0
2025-06-18,2025-06-16,2025-06,Night,Inbound,3365,3334,10769,134.6,48,0
2025-06-18,2025-06-16,2025-06,Day,Pick,2847,2826,9109,79.6,34,0
2025-06-18,2025-06-16,2025-06,Night,Pick,3796,3774,12146,128.6,33,0
2025-06-18,2025-06-16,2025-06,Day,Pack,3479,3478,11132,83.7,19,0
2025-06-18,2025-06-16,2025-06,Night,Pack,5577,5547,17846,138.2,15,0
2025-06-18,2025-06-16,2025-06,Day,Ship,4047,4011,12951,113.1,33,0
2025-06-18,2025-06-16,2025-06,Night,Ship,2344,2325,7501,80.9,22,0
2025-06-18,2025-06-16,2025-06,Day,Returns,2683,2633,8585,118.3,48,0
2025-06-18,2025-06-16,2025-06,Night,Returns,1431,1397,4580,82.0,34,0
2025-06-19,2025-06-16,2025-06,Day,Inbound,3633,3588,11625,129.0,59,0
2025-06-19,2025-06-16,2025-06,Night,Inbound,2185,2167,6991,89.5,26,0
2025-06-19,2025-06-16,2025-06,Day,Pick,5158,5117,16505,135.5,42,0
2025-06-19,2025-06-16,2025-06,Night,Pick,2265,2253,7249,75.4,14,0
2025-06-19,2025-06-16,2025-06,Day,Pack,4434,4416,14190,99.5,41,0
2025-06-19,2025-06-16,2025-06,Night,Pack,2870,2857,9185,77.1,18,0
2025-06-19,2025-06-16,2025-06,Day,Ship,4544,4507,14541,131.6,36,0
2025-06-19,2025-06-16,2025-06,Night,Ship,2359,2344,7550,76.0,17,0
2025-06-19,2025-06-16,2025-06,Day,Returns,2739,2678,8766,119.1,120,0
2025-06-19,2025-06-16,2025-06,Night,Returns,2358,2309,7545,137.8,59,0
2025-06-20,2025-06-16,2025-06,Day,Inbound,3040,2993,9729,109.1,37,0
2025-06-20,2025-06-16,2025-06,Night,Inbound,3499,3469,11198,119.7,41,0
2025-06-20,2025-06-16,2025-06,Day,Pick,5108,5092,16344,131.4,50,0
2025-06-20,2025-06-16,2025-06,Night,Pick,2592,2592,8296,72.8,20,0
2025-06-20,2025-06-16,2025-06,Day,Pack,6178,6121,19771,129.7,36,0
2025-06-20,2025-06-16,2025-06,Night,Pack,4644,4603,14860,112.1,28,0
2025-06-20,2025-06-16,2025-06,Day,Ship,3443,3434,11017,112.1,45,0
2025-06-20,2025-06-16,2025-06,Night,Ship,2911,2867,9315,88.4,33,0
2025-06-20,2025-06-16,2025-06,Day,Returns,3001,2949,9602,136.9,70,0
2025-06-20,2025-06-16,2025-06,Night,Returns,2105,2068,6737,107.1,81,0
2025-06-21,2025-06-16,2025-06,Day,Inbound,3270,3256,10463,104.9,29,0
2025-06-21,2025-06-16,2025-06,Night,Inbound,2407,2389,7702,92.8,33,0
2025-06-21,2025-06-16,2025-06,Day,Pick,3463,3425,11082,81.2,21,0
2025-06-21,2025-06-16,2025-06,Night,Pick,2407,2407,7703,82.2,19,0
2025-06-21,2025-06-16,2025-06,Day,Pack,2688,2688,8600,66.7,28,0
2025-06-21,2025-06-16,2025-06,Night,Pack,3658,3652,11705,88.4,45,0
2025-06-21,2025-06-16,2025-06,Day,Ship,3077,3060,9847,80.1,23,0
2025-06-21,2025-06-16,2025-06,Night,Ship,2647,2627,8470,82.6,18,0
2025-06-21,2025-06-16,2025-06,Day,Returns,2070,2031,6623,98.8,62,0
2025-06-21,2025-06-16,2025-06,Night,Returns,1432,1400,4582,76.4,31,0
2025-06-22,2025-06-16,2025-06,Day,Inbound,3405,3395,10895,117.4,36,0
2025-06-22,2025-06-16,2025-06,Night,Inbound,2010,1987,6433,80.8,23,0
2025-06-22,2025-06-16,2025-06,Day,Pick,3834,3792,12270,115.8,48,0
2025-06-22,2025-06-16,2025-06,Night,Pick,2872,2851,9190,88.0,32,0
2025-06-22,2025-06-16,2025-06,Day,Pack,3983,3966,12747,87.2,30,0
2025-06-22,2025-06-16,2025-06,Night,Pack,3293,3251,10538,86.9,30,0
2025-06-22,2025-06-16,2025-06,Day,Ship,3810,3762,12192,111.9,50,0
2025-06-22,2025-06-16,2025-06,Night,Ship,2658,2658,8504,85.7,32,0
2025-06-22,2025-06-16,2025-06,Day,Returns,1693,1666,5417,74.2,45,0
2025-06-22,2025-06-16,2025-06,Night,Returns,1404,1383,4493,69.3,31,0
2025-06-23,2025-06-23,2025-06,Day,Inbound,2876,2840,9204,103.8,24,0
2025-06-23,2025-06-23,2025-06,Night,Inbound,2888,2864,9243,120.3,9,0
2025-06-23,2025-06-23,2025-06,Day,Pick,5132,5101,16422,130.3,42,0
2025-06-23,2025-06-23,2025-06,Night,Pick,3348,3335,10713,101.5,27,0
2025-06-23,2025-06-23,2025-06,Day,Pack,5173,5166,16553,119.9,30,0
2025-06-23,2025-06-23,2025-06,Night,Pack,3389,3382,10845,80.4,20,0
2025-06-23,2025-06-23,2025-06,Day,Ship,3927,3895,12567,117.4,36,0
2025-06-23,2025-06-23,2025-06,Night,Ship,4307,4285,13783,137.6,51,0
2025-06-23,2025-06-23,2025-06,Day,Returns,2832,2763,9063,117.5,90,0
2025-06-23,2025-06-23,2025-06,Night,Returns,2077,2031,6646,101.5,63,0
2025-06-24,2025-06-23,2025-06,Day,Inbound,3824,3823,12237,133.5,29,0
2025-06-24,2025-06-23,2025-06,Night,Inbound,3686,3658,11794,130.3,62,0
2025-06-24,2025-06-23,2025-06,Day,Pick,3182,3162,10181,82.8,40,0
2025-06-24,2025-06-23,2025-06,Night,Pick,2567,2554,8213,76.2,34,0
2025-06-24,2025-06-23,2025-06,Day,Pack,4155,4153,13295,98.6,10,0
2025-06-24,2025-06-23,2025-06,Night,Pack,5493,5439,17579,137.8,58,0
2025-06-24,2025-06-23,2025-06,Day,Ship,3037,3026,9717,81.5,33,0
2025-06-24,2025-06-23,2025-06,Night,Ship,4202,4172,13448,135.5,38,0
2025-06-24,2025-06-23,2025-06,Day,Returns,2001,1964,6403,93.3,68,0
2025-06-24,2025-06-23,2025-06,Night,Returns,1513,1495,4841,80.8,32,0
2025-06-25,2025-06-23,2025-06,Day,Inbound,2059,2030,6589,74.1,30,0
2025-06-25,2025-06-23,2025-06,Night,Inbound,2278,2258,7288,78.4,10,0
2025-06-25,2025-06-23,2025-06,Day,Pick,2617,2610,8373,71.3,20,0
2025-06-25,2025-06-23,2025-06,Night,Pick,3787,3762,12119,110.2,27,0
2025-06-25,2025-06-23,2025-06,Day,Pack,5746,5746,18387,129.9,40,0
2025-06-25,2025-06-23,2025-06,Night,Pack,3262,3249,10440,94.4,25,0
2025-06-25,2025-06-23,2025-06,Day,Ship,3554,3537,11374,103.3,36,0
2025-06-25,2025-06-23,2025-06,Night,Ship,3945,3909,12624,127.0,28,0
2025-06-25,2025-06-23,2025-06,Day,Returns,2608,2568,8344,123.7,57,0
2025-06-25,2025-06-23,2025-06,Night,Returns,2031,1990,6498,110.0,33,0
2025-06-26,2025-06-23,2025-06,Day,Inbound,2639,2620,8444,88.4,24,0
2025-06-26,2025-06-23,2025-06,Night,Inbound,2749,2729,8798,104.2,21,0
2025-06-26,2025-06-23,2025-06,Day,Pick,3867,3867,12373,112.8,40,0
2025-06-26,2025-06-23,2025-06,Night,Pick,4137,4100,13238,130.3,45,0
2025-06-26,2025-06-23,2025-06,Day,Pack,4225,4177,13519,92.3,34,0
2025-06-26,2025-06-23,2025-06,Night,Pack,4968,4896,15899,119.7,47,0
2025-06-26,2025-06-23,2025-06,Day,Ship,2960,2931,9471,87.9,24,0
2025-06-26,2025-06-23,2025-06,Night,Ship,4768,4745,15256,139.7,27,0
2025-06-26,2025-06-23,2025-06,Day,Returns,2158,2099,6904,99.0,58,0
2025-06-26,2025-06-23,2025-06,Night,Returns,2021,1993,6468,94.8,48,0
2025-06-27,2025-06-23,2025-06,Day,Inbound,3142,3121,10055,102.9,37,0
2025-06-27,2025-06-23,2025-06,Night,Inbound,3295,3268,10545,125.1,42,0
2025-06-27,2025-06-23,2025-06,Day,Pick,2960,2936,9473,86.9,30,0
2025-06-27,2025-06-23,2025-06,Night,Pick,2946,2934,9426,94.8,31,0
2025-06-27,2025-06-23,2025-06,Day,Pack,4278,4278,13689,97.4,35,0
2025-06-27,2025-06-23,2025-06,Night,Pack,4509,4485,14428,108.5,57,0
2025-06-27,2025-06-23,2025-06,Day,Ship,4607,4605,14742,124.3,38,0
2025-06-27,2025-06-23,2025-06,Night,Ship,4501,4474,14403,134.5,31,0
2025-06-27,2025-06-23,2025-06,Day,Returns,2136,2098,6836,103.8,70,0
2025-06-27,2025-06-23,2025-06,Night,Returns,2371,2324,7586,118.7,65,0
2025-06-28,2025-06-23,2025-06,Day,Inbound,2150,2136,6880,63.5,21,0
2025-06-28,2025-06-23,2025-06,Night,Inbound,3126,3070,10002,112.4,39,0
2025-06-28,2025-06-23,2025-06,Day,Pick,4042,4007,12933,113.7,24,0
2025-06-28,2025-06-23,2025-06,Night,Pick,3201,3180,10242,108.0,40,0
2025-06-28,2025-06-23,2025-06,Day,Pack,5170,5143,16544,116.7,44,0
2025-06-28,2025-06-23,2025-06,Night,Pack,3099,3089,9916,78.7,12,0
2025-06-28,2025-06-23,2025-06,Day,Ship,2467,2457,7894,69.2,10,0
2025-06-28,2025-06-23,2025-06,Night,Ship,3102,3075,9925,101.6,34,0
2025-06-28,2025-06-23,2025-06,Day,Returns,1944,1901,6221,81.4,59,0
2025-06-28,2025-06-23,2025-06,Night,Returns,1588,1558,5083,74.4,46,0
2025-06-29,2025-06-23,2025-06,Day,Inbound,3412,3383,10920,114.0,42,0
2025-06-29,2025-06-23,2025-06,Night,Inbound,2246,2220,7186,74.7,27,0
2025-06-29,2025-06-23,2025-06,Day,Pick,2482,2467,7944,62.1,23,0
2025-06-29,2025-06-23,2025-06,Night,Pick,3808,3806,12185,118.7,25,0
2025-06-29,2025-06-23,2025-06,Day,Pack,3967,3953,12693,86.7,42,0
2025-06-29,2025-06-23,2025-06,Night,Pack,3513,3494,11242,85.3,28,0
2025-06-29,2025-06-23,2025-06,Day,Ship,2835,2819,9071,85.2,30,0
2025-06-29,2025-06-23,2025-06,Night,Ship,3542,3536,11336,110.6,31,0
2025-06-29,2025-06-23,2025-06,Day,Returns,1649,1626,5276,76.5,74,0
2025-06-29,2025-06-23,2025-06,Night,Returns,1819,1790,5820,92.2,39,0
2025-06-30,2025-06-30,2025-06,Day,Inbound,3099,3082,9916,118.3,25,0
2025-06-30,2025-06-30,2025-06,Night,Inbound,2124,2109,6796,77.4,22,0
2025-06-30,2025-06-30,2025-06,Day,Pick,2697,2679,8630,76.6,26,0
2025-06-30,2025-06-30,2025-06,Night,Pick,4338,4338,13880,117.3,53,0
2025-06-30,2025-06-30,2025-06,Day,Pack,3418,3412,10938,85.1,8,0
2025-06-30,2025-06-30,2025-06,Night,Pack,4744,4734,15181,114.3,22,0
2025-06-30,2025-06-30,2025-06,Day,Ship,4151,4143,13283,123.6,31,0
2025-06-30,2025-06-30,2025-06,Night,Ship,3396,3367,10867,111.9,49,0
2025-06-30,2025-06-30,2025-06,Day,Returns,1596,1569,5106,70.3,42,0
2025-06-30,2025-06-30,2025-06,Night,Returns,2289,2251,7326,116.1,88,0
2025-07-01,2025-06-30,2025-07,Day,Inbound,2557,2519,8183,90.7,35,0
2025-07-01,2025-06-30,2025-07,Night,Inbound,3057,3013,9783,110.5,37,0
2025-07-01,2025-06-30,2025-07,Day,Pick,3962,3927,12677,123.8,23,0
2025-07-01,2025-06-30,2025-07,Night,Pick,2894,2876,9262,87.0,30,0
2025-07-01,2025-06-30,2025-07,Day,Pack,5523,5497,17673,117.1,21,0
2025-07-01,2025-06-30,2025-07,Night,Pack,4739,4713,15164,113.4,34,0
2025-07-01,2025-06-30,2025-07,Day,Ship,2989,2978,9566,90.6,19,0
2025-07-01,2025-06-30,2025-07,Night,Ship,4199,4151,13437,129.6,48,0
2025-07-01,2025-06-30,2025-07,Day,Returns,2279,2242,7294,97.0,32,0
2025-07-01,2025-06-30,2025-07,Night,Returns,1902,1861,6087,98.3,57,0
2025-07-02,2025-06-30,2025-07,Day,Inbound,2670,2650,8543,83.4,34,0
2025-07-02,2025-06-30,2025-07,Night,Inbound,2260,2259,7233,87.3,24,0
2025-07-02,2025-06-30,2025-07,Day,Pick,3082,3064,9861,76.8,23,0
2025-07-02,2025-06-30,2025-07,Night,Pick,3813,3787,12203,116.1,31,0
2025-07-02,2025-06-30,2025-07,Day,Pack,5135,5126,16431,120.0,46,0
2025-07-02,2025-06-30,2025-07,Night,Pack,5404,5379,17292,136.5,44,0
2025-07-02,2025-06-30,2025-07,Day,Ship,3381,3361,10818,91.3,26,0
2025-07-02,2025-06-30,2025-07,Night,Ship,3253,3253,10409,99.2,32,0
2025-07-02,2025-06-30,2025-07,Day,Returns,2974,2900,9516,129.7,69,0
2025-07-02,2025-06-30,2025-07,Night,Returns,3030,2981,9697,138.9,60,0
2025-07-03,2025-06-30,2025-07,Day,Inbound,2395,2376,7663,87.1,38,0
2025-07-03,2025-06-30,2025-07,Night,Inbound,3187,3160,10198,116.2,36,0
2025-07-03,2025-06-30,2025-07,Day,Pick,4890,4851,15649,134.2,43,0
2025-07-03,2025-06-30,2025-07,Night,Pick,4360,4346,13951,124.8,40,0
2025-07-03,2025-06-30,2025-07,Day,Pack,3667,3655,11733,70.8,30,0
2025-07-03,2025-06-30,2025-07,Night,Pack,3000,3000,9601,76.9,34,0
2025-07-03,2025-06-30,2025-07,Day,Ship,4121,4102,13186,135.2,32,0
2025-07-03,2025-06-30,2025-07,Night,Ship,2155,2140,6895,76.8,15,0
2025-07-03,2025-06-30,2025-07,Day,Returns,2420,2364,7744,118.4,82,0
2025-07-03,2025-06-30,2025-07,Night,Returns,1418,1382,4538,71.9,46,0
2025-07-04,2025-06-30,2025-07,Day,Inbound,2820,2789,9025,90.0,31,0
2025-07-04,2025-06-30,2025-07,Night,Inbound,1952,1942,6245,72.0,22,0
2025-07-04,2025-06-30,2025-07,Day,Pick,4749,4716,15196,111.8,38,0
2025-07-04,2025-06-30,2025-07,Night,Pick,3141,3105,10052,90.6,28,0
2025-07-04,2025-06-30,2025-07,Day,Pack,4973,4938,15914,124.4,37,0
2025-07-04,2025-06-30,2025-07,Night,Pack,4576,4554,14642,129.3,25,0
2025-07-04,2025-06-30,2025-07,Day,Ship,3553,3523,11371,106.5,27,0
2025-07-04,2025-06-30,2025-07,Night,Ship,2563,2538,8203,82.6,18,0
2025-07-04,2025-06-30,2025-07,Day,Returns,1601,1560,5123,76.4,35,0
2025-07-04,2025-06-30,2025-07,Night,Returns,2681,2629,8580,128.2,63,0
2025-07-05,2025-06-30,2025-07,Day,Inbound,3435,3404,10993,105.4,33,0
2025-07-05,2025-06-30,2025-07,Night,Inbound,2699,2679,8636,117.5,31,0
2025-07-05,2025-06-30,2025-07,Day,Pick,3111,3094,9954,83.0,38,0
2025-07-05,2025-06-30,2025-07,Night,Pick,2801,2782,8963,80.4,35,0
2025-07-05,2025-06-30,2025-07,Day,Pack,2893,2873,9259,62.3,19,0
2025-07-05,2025-06-30,2025-07,Night,Pack,3513,3503,11242,87.8,30,0
2025-07-05,2025-06-30,2025-07,Day,Ship,4196,4182,13426,117.2,29,0
2025-07-05,2025-06-30,2025-07,Night,Ship,2603,2572,8331,86.4,22,0
2025-07-05,2025-06-30,2025-07,Day,Returns,1132,1112,3621,62.1,22,0
2025-07-05,2025-06-30,2025-07,Night,Returns,2218,2174,7096,112.7,92,0
2025-07-06,2025-06-30,2025-07,Day,Inbound,2244,2241,7182,69.1,26,0
2025-07-06,2025-06-30,2025-07,Night,Inbound,3519,3480,11261,115.8,42,0
2025-07-06,2025-06-30,2025-07,Day,Pick,2528,2506,8089,67.1,22,0
2025-07-06,2025-06-30,2025-07,Night,Pick,2546,2536,8147,65.7,25,0
2025-07-06,2025-06-30,2025-07,Day,Pack,4259,4259,13630,106.4,43,0
2025-07-06,2025-06-30,2025-07,Night,Pack,4907,4876,15703,118.5,41,0
2025-07-06,2025-06-30,2025-07,Day,Ship,2159,2143,6908,64.8,14,0
2025-07-06,2025-06-30,2025-07,Night,Ship,2652,2640,8485,89.7,29,0
2025-07-06,2025-06-30,2025-07,Day,Returns,1479,1452,4734,64.7,42,0
2025-07-06,2025-06-30,2025-07,Night,Returns,1395,1374,4464,65.2,52,0
2025-07-07,2025-07-07,2025-07,Day,Inbound,4391,4331,14052,128.4,61,0
2025-07-07,2025-07-07,2025-07,Night,Inbound,3548,3522,11353,128.0,53,0
2025-07-07,2025-07-07,2025-07,Day,Pick,4605,4575,14735,134.5,54,0
2025-07-07,2025-07-07,2025-07,Night,Pick,3731,3709,11940,103.1,20,0
2025-07-07,2025-07-07,2025-07,Day,Pack,5002,4990,16006,119.2,46,0
2025-07-07,2025-07-07,2025-07,Night,Pack,3271,3250,10466,94.5,22,0
2025-07-07,2025-07-07,2025-07,Day,Ship,3912,3860,12518,110.6,31,0
2025-07-07,2025-07-07,2025-07,Night,Ship,3728,3709,11930,126.9,28,0
2025-07-07,2025-07-07,2025-07,Day,Returns,2356,2316,7539,109.7,75,0
2025-07-07,2025-07-07,2025-07,Night,Returns,2236,2185,7155,102.2,70,0
2025-07-08,2025-07-07,2025-07,Day,Inbound,3562,3523,11399,110.7,40,0
2025-07-08,2025-07-07,2025-07,Night,Inbound,1756,1728,5620,74.7,20,0
2025-07-08,2025-07-07,2025-07,Day,Pick,4092,4063,13093,107.2,36,0
2025-07-08,2025-07-07,2025-07,Night,Pick,5438,5402,17403,137.6,72,0
2025-07-08,2025-07-07,2025-07,Day,Pack,5356,5314,17140,124.2,45,0
2025-07-08,2025-07-07,2025-07,Night,Pack,4317,4303,13815,112.6,46,0
2025-07-08,2025-07-07,2025-07,Day,Ship,3737,3706,11957,94.5,29,0
2025-07-08,2025-07-07,2025-07,Night,Ship,3451,3427,11044,125.7,33,1
2025-07-08,2025-07-07,2025-07,Day,Returns,2625,2586,8401,103.5,57,0
2025-07-08,2025-07-07,2025-07,Night,Returns,1965,1936,6287,103.4,58,0
2025-07-09,2025-07-07,2025-07,Day,Inbound,4033,4002,12906,128.7,46,0
2025-07-09,2025-07-07,2025-07,Night,Inbound,3300,3282,10560,115.8,36,0
2025-07-09,2025-07-07,2025-07,Day,Pick,3996,3996,12786,93.9,37,0
2025-07-09,2025-07-07,2025-07,Night,Pick,3086,3054,9876,84.5,24,0
2025-07-09,2025-07-07,2025-07,Day,Pack,5451,5389,17442,126.5,35,0
2025-07-09,2025-07-07,2025-07,Night,Pack,4438,4410,14200,118.1,45,0
2025-07-09,2025-07-07,2025-07,Day,Ship,4296,4261,13747,125.8,45,0
2025-07-09,2025-07-07,2025-07,Night,Ship,4461,4450,14276,126.6,46,0
2025-07-09,2025-07-07,2025-07,Day,Returns,1896,1860,6068,83.0,56,0
2025-07-09,2025-07-07,2025-07,Night,Returns,2427,2375,7765,119.3,57,0
2025-07-10,2025-07-07,2025-07,Day,Inbound,3482,3447,11141,125.4,21,0
2025-07-10,2025-07-07,2025-07,Night,Inbound,3352,3333,10728,133.9,12,0
2025-07-10,2025-07-07,2025-07,Day,Pick,3790,3786,12129,110.4,22,0
2025-07-10,2025-07-07,2025-07,Night,Pick,3402,3402,10888,107.6,31,0
2025-07-10,2025-07-07,2025-07,Day,Pack,3652,3634,11687,84.1,33,0
2025-07-10,2025-07-07,2025-07,Night,Pack,3437,3417,10998,100.0,19,0
2025-07-10,2025-07-07,2025-07,Day,Ship,3484,3482,11148,101.7,39,0
2025-07-10,2025-07-07,2025-07,Night,Ship,3112,3081,9957,98.3,33,0
2025-07-10,2025-07-07,2025-07,Day,Returns,3220,3165,10304,136.7,122,0
2025-07-10,2025-07-07,2025-07,Night,Returns,1899,1866,6077,95.4,23,0
2025-07-11,2025-07-07,2025-07,Day,Inbound,2483,2454,7945,85.3,24,0
2025-07-11,2025-07-07,2025-07,Night,Inbound,2514,2486,8044,105.2,20,0
2025-07-11,2025-07-07,2025-07,Day,Pick,5046,4998,16146,139.3,42,0
2025-07-11,2025-07-07,2025-07,Night,Pick,3914,3907,12525,119.5,24,0
2025-07-11,2025-07-07,2025-07,Day,Pack,4616,4585,14772,114.6,19,0
2025-07-11,2025-07-07,2025-07,Night,Pack,5472,5428,17511,131.2,48,0
2025-07-11,2025-07-07,2025-07,Day,Ship,4028,4015,12889,115.0,29,0
2025-07-11,2025-07-07,2025-07,Night,Ship,2226,2208,7123,80.0,22,0
2025-07-11,2025-07-07,2025-07,Day,Returns,3518,3494,11258,138.9,153,0
2025-07-11,2025-07-07,2025-07,Night,Returns,2003,1966,6409,97.9,60,0
2025-07-12,2025-07-07,2025-07,Day,Inbound,2709,2697,8670,101.2,23,0
2025-07-12,2025-07-07,2025-07,Night,Inbound,2208,2191,7067,85.4,29,0
2025-07-12,2025-07-07,2025-07,Day,Pick,3330,3306,10657,102.4,23,0
2025-07-12,2025-07-07,2025-07,Night,Pick,2992,2977,9573,80.8,29,0
2025-07-12,2025-07-07,2025-07,Day,Pack,2875,2875,9200,66.1,23,0
2025-07-12,2025-07-07,2025-07,Night,Pack,4282,4282,13704,110.7,31,0
2025-07-12,2025-07-07,2025-07,Day,Ship,3909,3874,12508,116.2,56,0
2025-07-12,2025-07-07,2025-07,Night,Ship,3338,3308,10681,97.2,34,0
2025-07-12,2025-07-07,2025-07,Day,Returns,1838,1803,5880,87.6,62,0
2025-07-12,2025-07-07,2025-07,Night,Returns,2278,2227,7288,107.0,42,0
2025-07-13,2025-07-07,2025-07,Day,Inbound,2835,2787,9072,88.9,22,0
2025-07-13,2025-07-07,2025-07,Night,Inbound,1761,1741,5634,66.8,20,0
2025-07-13,2025-07-07,2025-07,Day,Pick,4661,4636,14915,117.1,43,0
2025-07-13,2025-07-07,2025-07,Night,Pick,3593,3566,11497,106.9,42,0
2025-07-13,2025-07-07,2025-07,Day,Pack,4229,4214,13534,98.0,37,0
2025-07-13,2025-07-07,2025-07,Night,Pack,4202,4186,13445,108.4,47,0
2025-07-13,2025-07-07,2025-07,Day,Ship,4249,4224,13597,116.5,40,0
2025-07-13,2025-07-07,2025-07,Night,Ship,3322,3287,10632,102.5,37,0
2025-07-13,2025-07-07,2025-07,Day,Returns,2545,2490,8143,114.8,100,0
2025-07-13,2025-07-07,2025-07,Night,Returns,1991,1950,6371,88.6,39,0
2025-07-14,2025-07-14,2025-07,Day,Inbound,4505,4474,14416,135.4,52,0
2025-07-14,2025-07-14,2025-07,Night,Inbound,2832,2804,9062,96.1,24,0
2025-07-14,2025-07-14,2025-07,Day,Pick,4477,4474,14325,120.7,39,0
2025-07-14,2025-07-14,2025-07,Night,Pick,4117,4086,13174,108.2,37,0
2025-07-14,2025-07-14,2025-07,Day,Pack,3770,3770,12065,88.3,28,0
2025-07-14,2025-07-14,2025-07,Night,Pack,3447,3422,11030,87.9,15,0
2025-07-14,2025-07-14,2025-07,Day,Ship,2575,2560,8241,78.2,28,0
2025-07-14,2025-07-14,2025-07,Night,Ship,3324,3314,10638,124.8,16,0
2025-07-14,2025-07-14,2025-07,Day,Returns,1600,1573,5121,71.7,34,0
2025-07-14,2025-07-14,2025-07,Night,Returns,1599,1562,5118,76.7,27,0
2025-07-15,2025-07-14,2025-07,Day,Inbound,2328,2315,7451,80.7,27,0
2025-07-15,2025-07-14,2025-07,Night,Inbound,2933,2922,9387,114.0,27,0
2025-07-15,2025-07-14,2025-07,Day,Pick,3423,3390,10954,96.0,35,0
2025-07-15,2025-07-14,2025-07,Night,Pick,2832,2826,9064,90.5,31,0
2025-07-15,2025-07-14,2025-07,Day,Pack,3580,3573,11456,86.9,35,0
2025-07-15,2025-07-14,2025-07,Night,Pack,2906,2893,9298,74.4,31,0
2025-07-15,2025-07-14,2025-07,Day,Ship,2224,2210,7116,77.9,18,0
2025-07-15,2025-07-14,2025-07,Night,Ship,4207,4160,13461,130.4,44,0
2025-07-15,2025-07-14,2025-07,Day,Returns,2241,2212,7171,103.2,51,0
2025-07-15,2025-07-14,2025-07,Night,Returns,1868,1837,5977,97.2,68,0
2025-07-16,2025-07-14,2025-07,Day,Inbound,2478,2446,7928,74.6,25,0
2025-07-16,2025-07-14,2025-07,Night,Inbound,2295,2286,7343,92.4,17,0
2025-07-16,2025-07-14,2025-07,Day,Pick,3583,3544,11467,101.2,16,0
2025-07-16,2025-07-14,2025-07,Night,Pick,2375,2355,7601,75.5,17,0
2025-07-16,2025-07-14,2025-07,Day,Pack,5133,5118,16427,133.2,32,0
2025-07-16,2025-07-14,2025-07,Night,Pack,5558,5558,17785,133.6,39,0
2025-07-16,2025-07-14,2025-07,Day,Ship,2573,2562,8233,87.3,37,0
2025-07-16,2025-07-14,2025-07,Night,Ship,3854,3836,12333,122.9,39,0
2025-07-16,2025-07-14,2025-07,Day,Returns,1889,1864,6044,86.3,60,0
2025-07-16,2025-07-14,2025-07,Night,Returns,2040,1983,6529,108.0,55,0
2025-07-17,2025-07-14,2025-07,Day,Inbound,4037,3998,12917,138.9,39,0
2025-07-17,2025-07-14,2025-07,Night,Inbound,2580,2580,8256,95.7,30,0
2025-07-17,2025-07-14,2025-07,Day,Pick,5414,5399,17325,132.6,73,0
2025-07-17,2025-07-14,2025-07,Night,Pick,4074,4052,13037,127.0,33,0
2025-07-17,2025-07-14,2025-07,Day,Pack,4161,4142,13315,87.1,24,0
2025-07-17,2025-07-14,2025-07,Night,Pack,3069,3054,9821,79.8,19,0
2025-07-17,2025-07-14,2025-07,Day,Ship,3398,3362,10872,94.1,33,0
2025-07-17,2025-07-14,2025-07,Night,Ship,2463,2433,7883,83.8,18,0
2025-07-17,2025-07-14,2025-07,Day,Returns,2384,2333,7628,130.7,79,0
2025-07-17,2025-07-14,2025-07,Night,Returns,2614,2557,8366,138.2,74,0
2025-07-18,2025-07-14,2025-07,Day,Inbound,3461,3431,11075,137.9,31,0
2025-07-18,2025-07-14,2025-07,Night,Inbound,2320,2283,7425,93.2,17,0
2025-07-18,2025-07-14,2025-07,Day,Pick,4414,4404,14124,118.5,38,0
2025-07-18,2025-07-14,2025-07,Night,Pick,4358,4335,13947,124.2,44,0
2025-07-18,2025-07-14,2025-07,Day,Pack,3076,3076,9844,70.5,30,0
2025-07-18,2025-07-14,2025-07,Night,Pack,3449,3449,11037,86.1,15,0
2025-07-18,2025-07-14,2025-07,Day,Ship,2937,2914,9397,95.1,24,0
2025-07-18,2025-07-14,2025-07,Night,Ship,2629,2627,8414,83.4,16,0
2025-07-18,2025-07-14,2025-07,Day,Returns,1742,1705,5575,77.8,48,0
2025-07-18,2025-07-14,2025-07,Night,Returns,1353,1335,4330,74.6,33,0
2025-07-19,2025-07-14,2025-07,Day,Inbound,2116,2106,6771,75.1,26,0
2025-07-19,2025-07-14,2025-07,Night,Inbound,2361,2329,7554,84.7,22,0
2025-07-19,2025-07-14,2025-07,Day,Pick,4270,4270,13664,111.6,30,0
2025-07-19,2025-07-14,2025-07,Night,Pick,2742,2722,8773,83.4,29,0
2025-07-19,2025-07-14,2025-07,Day,Pack,4172,4132,13349,97.7,32,0
2025-07-19,2025-07-14,2025-07,Night,Pack,3026,3005,9683,71.4,20,0
2025-07-19,2025-07-14,2025-07,Day,Ship,1940,1928,6208,64.9,15,0
2025-07-19,2025-07-14,2025-07,Night,Ship,2592,2585,8294,94.2,27,0
2025-07-19,2025-07-14,2025-07,Day,Returns,1587,1564,5077,72.9,58,0
2025-07-19,2025-07-14,2025-07,Night,Returns,1874,1843,5996,96.5,50,0
2025-07-20,2025-07-14,2025-07,Day,Inbound,3423,3386,10954,110.3,35,0
2025-07-20,2025-07-14,2025-07,Night,Inbound,2831,2782,9059,114.7,41,0
2025-07-20,2025-07-14,2025-07,Day,Pick,3973,3965,12713,112.0,36,0
2025-07-20,2025-07-14,2025-07,Night,Pick,3317,3281,10614,91.6,25,0
2025-07-20,2025-07-14,2025-07,Day,Pack,4169,4153,13342,100.1,51,0
2025-07-20,2025-07-14,2025-07,Night,Pack,3060,3044,9792,75.9,32,0
2025-07-20,2025-07-14,2025-07,Day,Ship,2835,2827,9073,81.0,32,0
2025-07-20,2025-07-14,2025-07,Night,Ship,3149,3111,10077,97.3,25,0
2025-07-20,2025-07-14,2025-07,Day,Returns,2026,1990,6484,93.1,82,0
2025-07-20,2025-07-14,2025-07,Night,Returns,2308,2290,7385,113.9,53,0
2025-07-21,2025-07-21,2025-07,Day,Inbound,3685,3639,11792,129.0,38,0
2025-07-21,2025-07-21,2025-07,Night,Inbound,2204,2178,7053,76.8,28,0
2025-07-21,2025-07-21,2025-07,Day,Pick,3987,3956,12759,98.3,53,0
2025-07-21,2025-07-21,2025-07,Night,Pick,2981,2960,9540,95.4,38,0
2025-07-21,2025-07-21,2025-07,Day,Pack,4609,4600,14750,104.7,55,0
2025-07-21,2025-07-21,2025-07,Night,Pack,3987,3987,12759,102.0,12,0
2025-07-21,2025-07-21,2025-07,Day,Ship,4582,4557,14663,134.2,27,0
2025-07-21,2025-07-21,2025-07,Night,Ship,2762,2735,8840,88.2,26,0
2025-07-21,2025-07-21,2025-07,Day,Returns,2696,2649,8628,130.3,57,0
2025-07-21,2025-07-21,2025-07,Night,Returns,2293,2245,7337,103.6,76,0
2025-07-22,2025-07-21,2025-07,Day,Inbound,2340,2318,7487,79.8,34,0
2025-07-22,2025-07-21,2025-07,Night,Inbound,2189,2165,7005,83.9,13,0
2025-07-22,2025-07-21,2025-07,Day,Pick,3686,3638,11796,97.9,43,0
2025-07-22,2025-07-21,2025-07,Night,Pick,3831,3816,12259,116.6,33,0
2025-07-22,2025-07-21,2025-07,Day,Pack,4433,4404,14185,103.8,41,0
2025-07-22,2025-07-21,2025-07,Night,Pack,6031,5967,19300,137.2,62,0
2025-07-22,2025-07-21,2025-07,Day,Ship,3329,3300,10652,93.5,15,0
2025-07-22,2025-07-21,2025-07,Night,Ship,2419,2401,7740,73.8,15,0
2025-07-22,2025-07-21,2025-07,Day,Returns,2653,2601,8490,122.0,72,0
2025-07-22,2025-07-21,2025-07,Night,Returns,1446,1416,4627,73.5,40,0
2025-07-23,2025-07-21,2025-07,Day,Inbound,2145,2127,6864,76.6,24,0
2025-07-23,2025-07-21,2025-07,Night,Inbound,2161,2138,6916,75.6,22,0
2025-07-23,2025-07-21,2025-07,Day,Pick,4888,4857,15642,123.3,46,0
2025-07-23,2025-07-21,2025-07,Night,Pick,4652,4604,14888,129.2,34,0
2025-07-23,2025-07-21,2025-07,Day,Pack,3023,2991,9673,75.5,20,0
2025-07-23,2025-07-21,2025-07,Night,Pack,3854,3854,12333,88.0,34,0
2025-07-23,2025-07-21,2025-07,Day,Ship,3988,3951,12761,114.4,35,0
2025-07-23,2025-07-21,2025-07,Night,Ship,3892,3892,12454,139.9,23,0
2025-07-23,2025-07-21,2025-07,Day,Returns,1718,1688,5499,81.7,47,0
2025-07-23,2025-07-21,2025-07,Night,Returns,1361,1346,4355,70.4,25,0
2025-07-24,2025-07-21,2025-07,Day,Inbound,3906,3869,12498,128.9,61,0
2025-07-24,2025-07-21,2025-07,Night,Inbound,1892,1884,6055,73.0,16,0
2025-07-24,2025-07-21,2025-07,Day,Pick,4770,4738,15264,113.7,42,0
2025-07-24,2025-07-21,2025-07,Night,Pick,3528,3498,11288,107.3,37,0
2025-07-24,2025-07-21,2025-07,Day,Pack,6664,6633,21324,130.4,32,0
2025-07-24,2025-07-21,2025-07,Night,Pack,3191,3184,10211,83.8,29,0
2025-07-24,2025-07-21,2025-07,Day,Ship,4640,4629,14847,131.5,33,0
2025-07-24,2025-07-21,2025-07,Night,Ship,2418,2388,7739,93.9,16,0
2025-07-24,2025-07-21,2025-07,Day,Returns,2692,2656,8614,117.4,50,0
2025-07-24,2025-07-21,2025-07,Night,Returns,1605,1572,5136,73.2,33,0
2025-07-25,2025-07-21,2025-07,Day,Inbound,3782,3748,12101,136.8,48,0
2025-07-25,2025-07-21,2025-07,Night,Inbound,2496,2473,7988,89.8,26,0
2025-07-25,2025-07-21,2025-07,Day,Pick,2812,2800,8997,75.5,31,0
2025-07-25,2025-07-21,2025-07,Night,Pick,4034,4017,12908,116.5,49,0
2025-07-25,2025-07-21,2025-07,Day,Pack,5947,5947,19031,131.7,45,0
2025-07-25,2025-07-21,2025-07,Night,Pack,2974,2972,9517,73.1,27,1
2025-07-25,2025-07-21,2025-07,Day,Ship,2688,2688,8601,71.0,30,0
2025-07-25,2025-07-21,2025-07,Night,Ship,2642,2624,8454,88.9,31,0
2025-07-25,2025-07-21,2025-07,Day,Returns,2920,2883,9343,128.5,82,0
2025-07-25,2025-07-21,2025-07,Night,Returns,2753,2695,8809,127.7,79,0
2025-07-26,2025-07-21,2025-07,Day,Inbound,2658,2647,8505,86.3,36,0
2025-07-26,2025-07-21,2025-07,Night,Inbound,2051,2026,6562,71.3,19,0
2025-07-26,2025-07-21,2025-07,Day,Pick,2649,2621,8476,61.8,30,0
2025-07-26,2025-07-21,2025-07,Night,Pick,2306,2285,7378,64.1,21,0
2025-07-26,2025-07-21,2025-07,Day,Pack,3800,3791,12160,85.4,33,0
2025-07-26,2025-07-21,2025-07,Night,Pack,4189,4160,13404,110.4,40,0
2025-07-26,2025-07-21,2025-07,Day,Ship,2867,2853,9173,96.4,23,0
2025-07-26,2025-07-21,2025-07,Night,Ship,2514,2501,8046,72.1,23,0
2025-07-26,2025-07-21,2025-07,Day,Returns,1965,1931,6289,79.0,72,0
2025-07-26,2025-07-21,2025-07,Night,Returns,1501,1474,4804,77.1,59,0
2025-07-27,2025-07-21,2025-07,Day,Inbound,2873,2843,9193,105.7,43,0
2025-07-27,2025-07-21,2025-07,Night,Inbound,1872,1867,5989,65.3,23,0
2025-07-27,2025-07-21,2025-07,Day,Pick,4676,4664,14962,115.7,36,0
2025-07-27,2025-07-21,2025-07,Night,Pick,3196,3172,10228,95.6,22,0
2025-07-27,2025-07-21,2025-07,Day,Pack,4612,4600,14759,111.1,44,0
2025-07-27,2025-07-21,2025-07,Night,Pack,3982,3973,12744,98.6,27,0
2025-07-27,2025-07-21,2025-07,Day,Ship,2933,2912,9387,75.8,23,0
2025-07-27,2025-07-21,2025-07,Night,Ship,1926,1906,6163,67.5,18,0
2025-07-27,2025-07-21,2025-07,Day,Returns,2021,1984,6467,91.4,63,0
2025-07-27,2025-07-21,2025-07,Night,Returns,1279,1261,4094,61.0,22,0
2025-07-28,2025-07-28,2025-07,Day,Inbound,3501,3455,11202,110.2,48,0
2025-07-28,2025-07-28,2025-07,Night,Inbound,3887,3848,12438,133.5,33,0
2025-07-28,2025-07-28,2025-07,Day,Pick,5130,5117,16417,135.8,37,0
2025-07-28,2025-07-28,2025-07,Night,Pick,2945,2928,9423,89.5,36,0
2025-07-28,2025-07-28,2025-07,Day,Pack,4690,4670,15008,130.5,33,0
2025-07-28,2025-07-28,2025-07,Night,Pack,4618,4611,14777,125.7,44,0
2025-07-28,2025-07-28,2025-07,Day,Ship,4248,4219,13592,117.4,33,0
2025-07-28,2025-07-28,2025-07,Night,Ship,2829,2809,9053,92.3,25,0
2025-07-28,2025-07-28,2025-07,Day,Returns,2552,2519,8166,114.3,65,0
2025-07-28,2025-07-28,2025-07,Night,Returns,1883,1839,6027,89.7,10,0
2025-07-29,2025-07-28,2025-07,Day,Inbound,3852,3828,12327,128.8,43,0
2025-07-29,2025-07-28,2025-07,Night,Inbound,2276,2253,7284,90.6,23,0
2025-07-29,2025-07-28,2025-07,Day,Pick,4786,4745,15315,124.4,59,0
2025-07-29,2025-07-28,2025-07,Night,Pick,3120,3068,9985,77.6,25,0
2025-07-29,2025-07-28,2025-07,Day,Pack,3787,3750,12119,90.3,25,0
2025-07-29,2025-07-28,2025-07,Night,Pack,2854,2826,9133,73.5,22,0
2025-07-29,2025-07-28,2025-07,Day,Ship,4163,4155,13321,116.7,42,0
2025-07-29,2025-07-28,2025-07,Night,Ship,2670,2658,8543,102.9,21,0
2025-07-29,2025-07-28,2025-07,Day,Returns,2087,2039,6677,95.7,51,0
2025-07-29,2025-07-28,2025-07,Night,Returns,2015,1971,6447,106.7,37,1
2025-07-30,2025-07-28,2025-07,Day,Inbound,3624,3577,11596,129.7,49,0
2025-07-30,2025-07-28,2025-07,Night,Inbound,2096,2069,6707,75.0,20,0
2025-07-30,2025-07-28,2025-07,Day,Pick,5151,5099,16483,128.8,34,0
2025-07-30,2025-07-28,2025-07,Night,Pick,4825,4800,15441,135.7,53,0
2025-07-30,2025-07-28,2025-07,Day,Pack,3624,3622,11597,94.0,45,0
2025-07-30,2025-07-28,2025-07,Night,Pack,3994,3991,12781,103.8,35,0
2025-07-30,2025-07-28,2025-07,Day,Ship,4726,4698,15124,139.6,49,0
2025-07-30,2025-07-28,2025-07,Night,Ship,3285,3264,10513,117.5,27,0
2025-07-30,2025-07-28,2025-07,Day,Returns,2302,2257,7368,103.8,75,0
2025-07-30,2025-07-28,2025-07,Night,Returns,2244,2206,7181,124.2,38,0
2025-07-31,2025-07-28,2025-07,Day,Inbound,3610,3599,11552,110.9,27,0
2025-07-31,2025-07-28,2025-07,Night,Inbound,2478,2453,7930,91.7,34,0
2025-07-31,2025-07-28,2025-07,Day,Pick,2437,2429,7798,70.8,23,0
2025-07-31,2025-07-28,2025-07,Night,Pick,4167,4153,13333,118.9,25,0
2025-07-31,2025-07-28,2025-07,Day,Pack,5441,5408,17411,123.6,60,0
2025-07-31,2025-07-28,2025-07,Night,Pack,4100,4079,13119,117.3,38,0
2025-07-31,2025-07-28,2025-07,Day,Ship,4480,4408,14337,127.0,25,0
2025-07-31,2025-07-28,2025-07,Night,Ship,4125,4097,13201,130.8,30,0
2025-07-31,2025-07-28,2025-07,Day,Returns,3167,3107,10133,138.4,71,0
2025-07-31,2025-07-28,2025-07,Night,Returns,2798,2758,8955,131.2,48,0
2025-08-01,2025-07-28,2025-08,Day,Inbound,2816,2771,9011,103.1,28,0
2025-08-01,2025-07-28,2025-08,Night,Inbound,3647,3605,11669,138.8,33,0
2025-08-01,2025-07-28,2025-08,Day,Pick,4267,4267,13653,123.9,51,0
2025-08-01,2025-07-28,2025-08,Night,Pick,4100,4075,13120,114.8,12,0
2025-08-01,2025-07-28,2025-08,Day,Pack,4461,4436,14276,118.8,31,0
2025-08-01,2025-07-28,2025-08,Night,Pack,4963,4952,15883,135.8,44,0
2025-08-01,2025-07-28,2025-08,Day,Ship,3428,3373,10971,110.3,51,0
2025-08-01,2025-07-28,2025-08,Night,Ship,3687,3669,11798,116.5,32,0
2025-08-01,2025-07-28,2025-08,Day,Returns,2886,2856,9234,134.3,70,0
2025-08-01,2025-07-28,2025-08,Night,Returns,2286,2231,7314,109.0,40,0
2025-08-02,2025-07-28,2025-08,Day,Inbound,3279,3242,10494,114.7,25,0
2025-08-02,2025-07-28,2025-08,Night,Inbound,2330,2310,7456,79.9,27,0
2025-08-02,2025-07-28,2025-08,Day,Pick,3939,3895,12604,105.8,46,0
2025-08-02,2025-07-28,2025-08,Night,Pick,3864,3835,12364,112.4,30,0
2025-08-02,2025-07-28,2025-08,Day,Pack,4883,4857,15625,111.8,39,0
2025-08-02,2025-07-28,2025-08,Night,Pack,2564,2554,8204,65.8,15,0
2025-08-02,2025-07-28,2025-08,Day,Ship,2704,2683,8653,88.7,27,0
2025-08-02,2025-07-28,2025-08,Night,Ship,2241,2218,7171,69.1,22,0
2025-08-02,2025-07-28,2025-08,Day,Returns,1738,1700,5563,85.9,55,0
2025-08-02,2025-07-28,2025-08,Night,Returns,1986,1964,6354,102.6,29,0
2025-08-03,2025-07-28,2025-08,Day,Inbound,3088,3045,9883,103.2,25,0
2025-08-03,2025-07-28,2025-08,Night,Inbound,1716,1700,5492,71.0,19,0
2025-08-03,2025-07-28,2025-08,Day,Pick,2792,2759,8935,77.1,41,0
2025-08-03,2025-07-28,2025-08,Night,Pick,2987,2961,9559,96.4,39,0
2025-08-03,2025-07-28,2025-08,Day,Pack,2755,2740,8815,70.9,21,0
2025-08-03,2025-07-28,2025-08,Night,Pack,3111,3096,9955,80.5,21,0
2025-08-03,2025-07-28,2025-08,Day,Ship,2612,2601,8360,87.1,18,0
2025-08-03,2025-07-28,2025-08,Night,Ship,3210,3189,10272,95.6,35,0
2025-08-03,2025-07-28,2025-08,Day,Returns,1807,1764,5781,79.4,36,0
2025-08-03,2025-07-28,2025-08,Night,Returns,2436,2391,7796,114.7,95,0
2025-08-04,2025-08-04,2025-08,Day,Inbound,3675,3628,11759,130.7,37,0
2025-08-04,2025-08-04,2025-08,Night,Inbound,3564,3540,11406,138.8,44,0
2025-08-04,2025-08-04,2025-08,Day,Pick,4864,4864,15564,133.1,42,0
2025-08-04,2025-08-04,2025-08,Night,Pick,2807,2783,8982,84.3,30,0
2025-08-04,2025-08-04,2025-08,Day,Pack,5028,5022,16090,120.9,38,0
2025-08-04,2025-08-04,2025-08,Night,Pack,5282,5269,16901,122.0,42,0
2025-08-04,2025-08-04,2025-08,Day,Ship,3177,3158,10167,87.8,21,0
2025-08-04,2025-08-04,2025-08,Night,Ship,2315,2295,7409,81.3,21,0
2025-08-04,2025-08-04,2025-08,Day,Returns,1645,1624,5265,79.2,54,0
2025-08-04,2025-08-04,2025-08,Night,Returns,1512,1492,4840,79.8,59,0
2025-08-05,2025-08-04,2025-08,Day,Inbound,3634,3608,11628,115.9,50,0
2025-08-05,2025-08-04,2025-08,Night,Inbound,3188,3163,10203,118.9,43,0
2025-08-05,2025-08-04,2025-08,Day,Pick,3255,3253,10415,94.8,17,0
2025-08-05,2025-08-04,2025-08,Night,Pick,2902,2894,9285,80.0,27,0
2025-08-05,2025-08-04,2025-08,Day,Pack,5184,5166,16588,120.3,28,0
2025-08-05,2025-08-04,2025-08,Night,Pack,5569,5538,17822,137.7,41,0
2025-08-05,2025-08-04,2025-08,Day,Ship,2718,2697,8697,76.5,33,0
2025-08-05,2025-08-04,2025-08,Night,Ship,3440,3420,11008,108.1,29,0
2025-08-05,2025-08-04,2025-08,Day,Returns,2677,2610,8567,120.1,109,0
2025-08-05,2025-08-04,2025-08,Night,Returns,1831,1805,5858,110.4,45,0
2025-08-06,2025-08-04,2025-08,Day,Inbound,3038,3004,9723,92.3,47,0
2025-08-06,2025-08-04,2025-08,Night,Inbound,2243,2222,7179,90.6,25,0
2025-08-06,2025-08-04,2025-08,Day,Pick,4996,4996,15988,131.3,61,0
2025-08-06,2025-08-04,2025-08,Night,Pick,3639,3610,11644,98.8,29,0
2025-08-06,2025-08-04,2025-08,Day,Pack,5677,5654,18166,130.5,44,0
2025-08-06,2025-08-04,2025-08,Night,Pack,4207,4207,13461,97.7,52,0
2025-08-06,2025-08-04,2025-08,Day,Ship,2813,2803,9003,82.5,26,0
2025-08-06,2025-08-04,2025-08,Night,Ship,2124,2110,6797,72.4,17,0
2025-08-06,2025-08-04,2025-08,Day,Returns,2877,2844,9206,133.7,84,0
2025-08-06,2025-08-04,2025-08,Night,Returns,1758,1732,5625,89.5,48,0
2025-08-07,2025-08-04,2025-08,Day,Inbound,3023,3006,9675,112.9,33,0
2025-08-07,2025-08-04,2025-08,Night,Inbound,3599,3558,11517,122.1,38,0
2025-08-07,2025-08-04,2025-08,Day,Pick,5330,5311,17055,137.3,41,0
2025-08-07,2025-08-04,2025-08,Night,Pick,4193,4168,13419,137.6,45,0
2025-08-07,2025-08-04,2025-08,Day,Pack,4249,4245,13596,99.3,26,0
2025-08-07,2025-08-04,2025-08,Night,Pack,6032,5989,19303,137.9,40,0
2025-08-07,2025-08-04,2025-08,Day,Ship,3043,3016,9738,89.5,23,0
2025-08-07,2025-08-04,2025-08,Night,Ship,3323,3298,10635,103.3,23,0
2025-08-07,2025-08-04,2025-08,Day,Returns,1923,1895,6154,84.9,85,0
2025-08-07,2025-08-04,2025-08,Night,Returns,1841,1806,5892,86.0,32,0
2025-08-08,2025-08-04,2025-08,Day,Inbound,3302,3280,10568,105.3,37,0
2025-08-08,2025-08-04,2025-08,Night,Inbound,2199,2195,7036,86.5,23,0
2025-08-08,2025-08-04,2025-08,Day,Pick,3086,3054,9875,91.2,28,0
2025-08-08,2025-08-04,2025-08,Night,Pick,3318,3281,10618,107.3,28,0
2025-08-08,2025-08-04,2025-08,Day,Pack,4574,4539,14637,103.5,29,0
2025-08-08,2025-08-04,2025-08,Night,Pack,4969,4969,15901,119.2,44,0
2025-08-08,2025-08-04,2025-08,Day,Ship,3901,3850,12483,124.4,43,0
2025-08-08,2025-08-04,2025-08,Night,Ship,2321,2305,7428,79.8,21,0
2025-08-08,2025-08-04,2025-08,Day,Returns,1899,1858,6077,88.0,63,0
2025-08-08,2025-08-04,2025-08,Night,Returns,2415,2394,7728,138.3,50,0
2025-08-09,2025-08-04,2025-08,Day,Inbound,3340,3308,10687,106.8,45,0
2025-08-09,2025-08-04,2025-08,Night,Inbound,2178,2165,6971,85.3,27,0
2025-08-09,2025-08-04,2025-08,Day,Pick,2961,2938,9475,79.5,36,0
2025-08-09,2025-08-04,2025-08,Night,Pick,2884,2878,9228,78.2,24,0
2025-08-09,2025-08-04,2025-08,Day,Pack,3569,3564,11422,90.6,37,0
2025-08-09,2025-08-04,2025-08,Night,Pack,3011,2985,9634,75.4,29,0
2025-08-09,2025-08-04,2025-08,Day,Ship,2644,2631,8462,70.4,18,0
2025-08-09,2025-08-04,2025-08,Night,Ship,2178,2174,6971,71.2,18,0
2025-08-09,2025-08-04,2025-08,Day,Returns,2066,2019,6612,101.5,44,0
2025-08-09,2025-08-04,2025-08,Night,Returns,1942,1909,6215,92.8,77,0
2025-08-10,2025-08-04,2025-08,Day,Inbound,2195,2169,7023,74.6,23,0
2025-08-10,2025-08-04,2025-08,Night,Inbound,2031,2013,6500,76.0,20,0
2025-08-10,2025-08-04,2025-08,Day,Pick,3945,3912,12625,93.1,29,0
2025-08-10,2025-08-04,2025-08,Night,Pick,3355,3318,10737,90.5,39,0
2025-08-10,2025-08-04,2025-08,Day,Pack,3859,3847,12348,98.8,23,0
2025-08-10,2025-08-04,2025-08,Night,Pack,4898,4894,15675,107.5,37,0
2025-08-10,2025-08-04,2025-08,Day,Ship,3975,3952,12721,112.8,27,0
2025-08-10,2025-08-04,2025-08,Night,Ship,2585,2572,8273,81.3,26,0
2025-08-10,2025-08-04,2025-08,Day,Returns,2443,2417,7818,99.3,113,0
2025-08-10,2025-08-04,2025-08,Night,Returns,1734,1716,5549,89.7,52,0
2025-08-11,2025-08-11,2025-08,Day,Inbound,3960,3902,12673,135.4,47,0
2025-08-11,2025-08-11,2025-08,Night,Inbound,2699,2676,8636,104.8,26,0
2025-08-11,2025-08-11,2025-08,Day,Pick,3098,3091,9914,85.6,26,0
2025-08-11,2025-08-11,2025-08,Night,Pick,2304,2287,7373,74.0,14,0
2025-08-11,2025-08-11,2025-08,Day,Pack,3135,3135,10032,72.1,11,0
2025-08-11,2025-08-11,2025-08,Night,Pack,2902,2894,9287,93.0,25,0
2025-08-11,2025-08-11,2025-08,Day,Ship,2768,2754,8856,77.3,22,0
2025-08-11,2025-08-11,2025-08,Night,Ship,3090,3055,9888,100.3,30,0
2025-08-11,2025-08-11,2025-08,Day,Returns,2736,2688,8756,117.3,102,0
2025-08-11,2025-08-11,2025-08,Night,Returns,2452,2396,7846,121.4,94,0
2025-08-12,2025-08-11,2025-08,Day,Inbound,3042,3016,9734,111.0,41,0
2025-08-12,2025-08-11,2025-08,Night,Inbound,2908,2889,9304,102.2,35,0
2025-08-12,2025-08-11,2025-08,Day,Pick,3567,3563,11413,105.9,17,0
2025-08-12,2025-08-11,2025-08,Night,Pick,3739,3730,11964,106.3,36,0
2025-08-12,2025-08-11,2025-08,Day,Pack,5067,5045,16215,116.6,44,0
2025-08-12,2025-08-11,2025-08,Night,Pack,4992,4992,15973,140.0,46,0
2025-08-12,2025-08-11,2025-08,Day,Ship,4810,4771,15391,124.6,53,0
2025-08-12,2025-08-11,2025-08,Night,Ship,4037,3991,12918,137.5,30,0
2025-08-12,2025-08-11,2025-08,Day,Returns,2399,2359,7677,123.8,78,0
2025-08-12,2025-08-11,2025-08,Night,Returns,1462,1435,4680,80.3,43,0
2025-08-13,2025-08-11,2025-08,Day,Inbound,3986,3951,12754,134.4,34,0
2025-08-13,2025-08-11,2025-08,Night,Inbound,3265,3246,10447,121.0,19,0
2025-08-13,2025-08-11,2025-08,Day,Pick,3865,3841,12367,117.2,29,0
2025-08-13,2025-08-11,2025-08,Night,Pick,4578,4559,14648,128.0,62,0
2025-08-13,2025-08-11,2025-08,Day,Pack,3639,3620,11645,88.7,42,0
2025-08-13,2025-08-11,2025-08,Night,Pack,3736,3714,11955,108.0,26,0
2025-08-13,2025-08-11,2025-08,Day,Ship,2578,2569,8248,75.6,22,0
2025-08-13,2025-08-11,2025-08,Night,Ship,3249,3229,10398,99.2,19,0
2025-08-13,2025-08-11,2025-08,Day,Returns,2772,2708,8870,131.3,77,0
2025-08-13,2025-08-11,2025-08,Night,Returns,2005,1971,6417,106.5,60,0
2025-08-14,2025-08-11,2025-08,Day,Inbound,2105,2082,6735,70.9,24,0
2025-08-14,2025-08-11,2025-08,Night,Inbound,2134,2114,6828,85.3,34,0
2025-08-14,2025-08-11,2025-08,Day,Pick,4662,4616,14917,134.3,23,0
2025-08-14,2025-08-11,2025-08,Night,Pick,3038,3005,9723,90.6,30,0
2025-08-14,2025-08-11,2025-08,Day,Pack,4483,4450,14345,99.5,47,0
2025-08-14,2025-08-11,2025-08,Night,Pack,5528,5528,17690,137.8,25,0
2025-08-14,2025-08-11,2025-08,Day,Ship,4192,4152,13415,113.1,31,0
2025-08-14,2025-08-11,2025-08,Night,Ship,3077,3062,9845,105.9,37,0
2025-08-14,2025-08-11,2025-08,Day,Returns,1778,1739,5688,74.6,55,0
2025-08-14,2025-08-11,2025-08,Night,Returns,2124,2082,6797,107.1,54,0
2025-08-15,2025-08-11,2025-08,Day,Inbound,2507,2489,8021,84.0,23,0
2025-08-15,2025-08-11,2025-08,Night,Inbound,3440,3401,11007,121.7,42,0
2025-08-15,2025-08-11,2025-08,Day,Pick,3791,3767,12131,109.7,23,0
2025-08-15,2025-08-11,2025-08,Night,Pick,3775,3771,12081,129.7,23,0
2025-08-15,2025-08-11,2025-08,Day,Pack,5591,5583,17891,125.3,37,0
2025-08-15,2025-08-11,2025-08,Night,Pack,3428,3428,10969,86.0,28,0
2025-08-15,2025-08-11,2025-08,Day,Ship,3172,3141,10150,94.8,29,0
2025-08-15,2025-08-11,2025-08,Night,Ship,2450,2438,7839,79.1,22,0
2025-08-15,2025-08-11,2025-08,Day,Returns,2050,2010,6559,112.3,51,1
2025-08-15,2025-08-11,2025-08,Night,Returns,1619,1595,5180,88.9,44,0
2025-08-16,2025-08-11,2025-08,Day,Inbound,3727,3704,11926,117.4,49,0
2025-08-16,2025-08-11,2025-08,Night,Inbound,2719,2691,8701,99.7,39,0
2025-08-16,2025-08-11,2025-08,Day,Pick,2984,2971,9548,80.0,33,0
2025-08-16,2025-08-11,2025-08,Night,Pick,3464,3454,11084,95.4,36,0
2025-08-16,2025-08-11,2025-08,Day,Pack,3497,3471,11190,86.8,34,0
2025-08-16,2025-08-11,2025-08,Night,Pack,4315,4309,13807,106.3,29,0
2025-08-16,2025-08-11,2025-08,Day,Ship,2321,2301,7428,72.4,30,0
2025-08-16,2025-08-11,2025-08,Night,Ship,2453,2434,7850,74.0,29,0
2025-08-16,2025-08-11,2025-08,Day,Returns,1849,1795,5916,88.6,67,0
2025-08-16,2025-08-11,2025-08,Night,Returns,1637,1604,5238,82.7,64,0
2025-08-17,2025-08-11,2025-08,Day,Inbound,3072,3041,9829,111.7,44,0
2025-08-17,2025-08-11,2025-08,Night,Inbound,2957,2944,9462,104.2,41,0
2025-08-17,2025-08-11,2025-08,Day,Pick,4275,4269,13681,118.7,44,0
2025-08-17,2025-08-11,2025-08,Night,Pick,4597,4574,14711,115.8,46,0
2025-08-17,2025-08-11,2025-08,Day,Pack,3799,3799,12158,85.9,30,0
2025-08-17,2025-08-11,2025-08,Night,Pack,2943,2912,9418,70.5,27,0
2025-08-17,2025-08-11,2025-08,Day,Ship,3668,3634,11736,105.1,39,0
2025-08-17,2025-08-11,2025-08,Night,Ship,3058,3018,9785,99.8,33,0
2025-08-17,2025-08-11,2025-08,Day,Returns,2030,1993,6495,97.3,42,0
2025-08-17,2025-08-11,2025-08,Night,Returns,1379,1350,4413,67.4,40,1
2025-08-18,2025-08-18,2025-08,Day,Inbound,3961,3915,12676,127.2,52,0
2025-08-18,2025-08-18,2025-08,Night,Inbound,3291,3244,10532,124.6,34,0
2025-08-18,2025-08-18,2025-08,Day,Pick,5209,5196,16670,111.1,74,0
2025-08-18,2025-08-18,2025-08,Night,Pick,2945,2929,9424,77.1,22,0
2025-08-18,2025-08-18,2025-08,Day,Pack,3711,3686,11875,87.4,21,0
2025-08-18,2025-08-18,2025-08,Night,Pack,4845,4829,15503,116.5,35,0
2025-08-18,2025-08-18,2025-08,Day,Ship,3650,3607,11681,110.1,35,0
2025-08-18,2025-08-18,2025-08,Night,Ship,3527,3527,11286,108.6,40,0
2025-08-18,2025-08-18,2025-08,Day,Returns,2202,2159,7045,112.6,53,0
2025-08-18,2025-08-18,2025-08,Night,Returns,1329,1308,4254,71.0,36,0
2025-08-19,2025-08-18,2025-08,Day,Inbound,3629,3599,11613,132.8,42,0
2025-08-19,2025-08-18,2025-08,Night,Inbound,3438,3399,11003,130.0,32,0
2025-08-19,2025-08-18,2025-08,Day,Pick,3617,3601,11574,100.3,48,0
2025-08-19,2025-08-18,2025-08,Night,Pick,2305,2303,7377,73.1,23,0
2025-08-19,2025-08-18,2025-08,Day,Pack,3616,3600,11570,84.4,19,0
2025-08-19,2025-08-18,2025-08,Night,Pack,5077,5020,16247,126.5,40,0
2025-08-19,2025-08-18,2025-08,Day,Ship,2397,2374,7669,71.7,20,0
2025-08-19,2025-08-18,2025-08,Night,Ship,2660,2631,8513,85.9,33,0
2025-08-19,2025-08-18,2025-08,Day,Returns,1625,1596,5200,72.4,48,0
2025-08-19,2025-08-18,2025-08,Night,Returns,2282,2247,7303,111.5,52,0
2025-08-20,2025-08-18,2025-08,Day,Inbound,3781,3738,12100,130.1,34,0
2025-08-20,2025-08-18,2025-08,Night,Inbound,2834,2814,9069,106.4,35,0
2025-08-20,2025-08-18,2025-08,Day,Pick,3322,3298,10631,84.7,25,0
2025-08-20,2025-08-18,2025-08,Night,Pick,3281,3281,10499,99.1,38,0
2025-08-20,2025-08-18,2025-08,Day,Pack,3244,3244,10380,76.2,20,0
2025-08-20,2025-08-18,2025-08,Night,Pack,4997,4953,15989,112.8,48,0
2025-08-20,2025-08-18,2025-08,Day,Ship,4175,4167,13359,128.4,40,0
2025-08-20,2025-08-18,2025-08,Night,Ship,2256,2246,7218,75.0,20,0
2025-08-20,2025-08-18,2025-08,Day,Returns,2412,2358,7720,101.8,69,0
2025-08-20,2025-08-18,2025-08,Night,Returns,1869,1826,5982,86.1,56,0
2025-08-21,2025-08-18,2025-08,Day,Inbound,2243,2223,7178,83.0,19,0
2025-08-21,2025-08-18,2025-08,Night,Inbound,2610,2594,8351,105.1,36,0
2025-08-21,2025-08-18,2025-08,Day,Pick,4752,4725,15205,128.0,48,0
2025-08-21,2025-08-18,2025-08,Night,Pick,3095,3083,9905,99.5,27,0
2025-08-21,2025-08-18,2025-08,Day,Pack,3321,3321,10628,78.4,27,0
2025-08-21,2025-08-18,2025-08,Night,Pack,4588,4582,14683,118.7,30,0
2025-08-21,2025-08-18,2025-08,Day,Ship,2552,2516,8166,74.2,11,0
2025-08-21,2025-08-18,2025-08,Night,Ship,3312,3309,10598,103.4,40,0
2025-08-21,2025-08-18,2025-08,Day,Returns,2044,2004,6542,92.4,61,0
2025-08-21,2025-08-18,2025-08,Night,Returns,2404,2355,7692,115.6,60,0
2025-08-22,2025-08-18,2025-08,Day,Inbound,3064,3039,9804,96.5,38,0
2025-08-22,2025-08-18,2025-08,Night,Inbound,2523,2494,8074,88.7,25,0
2025-08-22,2025-08-18,2025-08,Day,Pick,3200,3191,10240,91.9,22,0
2025-08-22,2025-08-18,2025-08,Night,Pick,3590,3587,11487,94.8,44,0
2025-08-22,2025-08-18,2025-08,Day,Pack,5239,5239,16765,122.8,47,0
2025-08-22,2025-08-18,2025-08,Night,Pack,3150,3150,10081,83.9,20,0
2025-08-22,2025-08-18,2025-08,Day,Ship,2703,2703,8649,79.9,26,0
2025-08-22,2025-08-18,2025-08,Night,Ship,3069,3055,9820,93.7,28,0
2025-08-22,2025-08-18,2025-08,Day,Returns,2699,2652,8636,109.8,46,0
2025-08-22,2025-08-18,2025-08,Night,Returns,2174,2146,6956,112.9,36,0
2025-08-23,2025-08-18,2025-08,Day,Inbound,2958,2930,9466,94.6,34,0
2025-08-23,2025-08-18,2025-08,Night,Inbound,2881,2855,9219,99.0,41,0
2025-08-23,2025-08-18,2025-08,Day,Pick,3440,3415,11007,94.5,33,0
2025-08-23,2025-08-18,2025-08,Night,Pick,3171,3149,10148,93.9,25,0
2025-08-23,2025-08-18,2025-08,Day,Pack,5799,5758,18556,117.0,30,0
2025-08-23,2025-08-18,2025-08,Night,Pack,2685,2674,8591,65.4,22,0
2025-08-23,2025-08-18,2025-08,Day,Ship,2423,2408,7753,74.1,29,0
2025-08-23,2025-08-18,2025-08,Night,Ship,2647,2613,8471,98.0,22,0
2025-08-23,2025-08-18,2025-08,Day,Returns,2266,2223,7250,110.7,60,0
2025-08-23,2025-08-18,2025-08,Night,Returns,2079,2050,6653,109.8,83,0
2025-08-24,2025-08-18,2025-08,Day,Inbound,2388,2361,7643,82.4,19,0
2025-08-24,2025-08-18,2025-08,Night,Inbound,1846,1842,5907,69.8,25,0
2025-08-24,2025-08-18,2025-08,Day,Pick,3485,3460,11153,94.3,39,0
2025-08-24,2025-08-18,2025-08,Night,Pick,3443,3433,11017,100.8,25,0
2025-08-24,2025-08-18,2025-08,Day,Pack,4165,4165,13327,98.5,37,0
2025-08-24,2025-08-18,2025-08,Night,Pack,2214,2189,7086,61.0,18,0
2025-08-24,2025-08-18,2025-08,Day,Ship,2978,2958,9530,89.2,5,0
2025-08-24,2025-08-18,2025-08,Night,Ship,2240,2224,7167,76.4,9,0
2025-08-24,2025-08-18,2025-08,Day,Returns,1350,1315,4319,61.9,50,0
2025-08-24,2025-08-18,2025-08,Night,Returns,1852,1814,5926,93.7,34,0
2025-08-25,2025-08-25,2025-08,Day,Inbound,2847,2812,9109,91.8,26,0
2025-08-25,2025-08-25,2025-08,Night,Inbound,3604,3561,11533,127.7,51,0
2025-08-25,2025-08-25,2025-08,Day,Pick,5242,5212,16776,123.6,43,0
2025-08-25,2025-08-25,2025-08,Night,Pick,2916,2916,9331,81.1,24,0
2025-08-25,2025-08-25,2025-08,Day,Pack,4590,4557,14688,95.6,54,0
2025-08-25,2025-08-25,2025-08,Night,Pack,3473,3473,11113,88.2,40,0
2025-08-25,2025-08-25,2025-08,Day,Ship,3048,3020,9753,89.0,28,0
2025-08-25,2025-08-25,2025-08,Night,Ship,2831,2825,9060,95.4,24,0
2025-08-25,2025-08-25,2025-08,Day,Returns,2458,2402,7864,108.6,74,0
2025-08-25,2025-08-25,2025-08,Night,Returns,2961,2900,9474,134.8,84,0
2025-08-26,2025-08-25,2025-08,Day,Inbound,2708,2697,8666,103.7,27,0
2025-08-26,2025-08-25,2025-08,Night,Inbound,2691,2662,8612,94.9,37,0
2025-08-26,2025-08-25,2025-08,Day,Pick,4597,4531,14709,122.3,33,0
2025-08-26,2025-08-25,2025-08,Night,Pick,2915,2911,9329,84.9,32,0
2025-08-26,2025-08-25,2025-08,Day,Pack,4402,4374,14087,104.9,35,0
2025-08-26,2025-08-25,2025-08,Night,Pack,4607,4607,14742,125.9,24,0
2025-08-26,2025-08-25,2025-08,Day,Ship,3037,3011,9719,91.7,24,0
2025-08-26,2025-08-25,2025-08,Night,Ship,2339,2314,7485,76.7,12,0
2025-08-26,2025-08-25,2025-08,Day,Returns,2042,1998,6535,99.8,77,0
2025-08-26,2025-08-25,2025-08,Night,Returns,2059,2016,6589,109.1,63,0
2025-08-27,2025-08-25,2025-08,Day,Inbound,3504,3456,11213,124.5,46,0
2025-08-27,2025-08-25,2025-08,Night,Inbound,3313,3292,10602,110.2,47,0
2025-08-27,2025-08-25,2025-08,Day,Pick,3157,3140,10101,90.6,36,0
2025-08-27,2025-08-25,2025-08,Night,Pick,4908,4839,15707,139.7,49,0
2025-08-27,2025-08-25,2025-08,Day,Pack,5718,5715,18298,130.8,47,0
2025-08-27,2025-08-25,2025-08,Night,Pack,3018,2984,9657,72.9,24,0
2025-08-27,2025-08-25,2025-08,Day,Ship,3433,3409,10985,117.6,36,0
2025-08-27,2025-08-25,2025-08,Night,Ship,3436,3402,10996,105.4,27,0
2025-08-27,2025-08-25,2025-08,Day,Returns,1820,1786,5825,97.9,55,0
2025-08-27,2025-08-25,2025-08,Night,Returns,2487,2446,7958,123.9,62,0
2025-08-28,2025-08-25,2025-08,Day,Inbound,2626,2620,8402,87.9,22,0
2025-08-28,2025-08-25,2025-08,Night,Inbound,2318,2302,7419,80.6,29,0
2025-08-28,2025-08-25,2025-08,Day,Pick,3847,3837,12311,107.7,48,0
2025-08-28,2025-08-25,2025-08,Night,Pick,4853,4840,15531,132.8,47,0
2025-08-28,2025-08-25,2025-08,Day,Pack,4088,4046,13082,98.3,36,0
2025-08-28,2025-08-25,2025-08,Night,Pack,3268,3243,10459,93.9,26,0
2025-08-28,2025-08-25,2025-08,Day,Ship,3234,3199,10349,94.0,31,0
2025-08-28,2025-08-25,2025-08,Night,Ship,2752,2731,8805,91.1,35,0
2025-08-28,2025-08-25,2025-08,Day,Returns,2545,2495,8144,109.1,89,0
2025-08-28,2025-08-25,2025-08,Night,Returns,2314,2284,7406,117.6,71,0
2025-08-29,2025-08-25,2025-08,Day,Inbound,2792,2765,8934,97.6,36,0
2025-08-29,2025-08-25,2025-08,Night,Inbound,2296,2293,7346,79.1,29,0
2025-08-29,2025-08-25,2025-08,Day,Pick,3265,3264,10447,90.0,32,0
2025-08-29,2025-08-25,2025-08,Night,Pick,4025,4009,12880,119.9,39,0
2025-08-29,2025-08-25,2025-08,Day,Pack,2963,2936,9481,73.9,16,0
2025-08-29,2025-08-25,2025-08,Night,Pack,3780,3769,12095,112.1,26,0
2025-08-29,2025-08-25,2025-08,Day,Ship,3101,3073,9923,94.7,28,0
2025-08-29,2025-08-25,2025-08,Night,Ship,3592,3559,11493,110.3,26,0
2025-08-29,2025-08-25,2025-08,Day,Returns,2192,2150,7015,104.8,68,0
2025-08-29,2025-08-25,2025-08,Night,Returns,1548,1520,4955,78.6,38,1
2025-08-30,2025-08-25,2025-08,Day,Inbound,3498,3460,11192,117.1,35,0
2025-08-30,2025-08-25,2025-08,Night,Inbound,2220,2206,7105,86.1,37,0
2025-08-30,2025-08-25,2025-08,Day,Pick,2299,2299,7358,60.3,21,0
2025-08-30,2025-08-25,2025-08,Night,Pick,3982,3941,12744,112.6,28,0
2025-08-30,2025-08-25,2025-08,Day,Pack,3026,3012,9682,72.6,27,0
2025-08-30,2025-08-25,2025-08,Night,Pack,3413,3403,10921,87.2,29,0
2025-08-30,2025-08-25,2025-08,Day,Ship,3082,3066,9864,87.6,42,0
2025-08-30,2025-08-25,2025-08,Night,Ship,2802,2767,8965,95.0,30,0
2025-08-30,2025-08-25,2025-08,Day,Returns,1658,1623,5305,81.0,28,0
2025-08-30,2025-08-25,2025-08,Night,Returns,2133,2089,6827,113.4,62,0
2025-08-31,2025-08-25,2025-08,Day,Inbound,1986,1968,6356,63.0,25,0
2025-08-31,2025-08-25,2025-08,Night,Inbound,2282,2257,7304,87.1,24,0
2025-08-31,2025-08-25,2025-08,Day,Pick,2757,2737,8823,73.6,8,0
2025-08-31,2025-08-25,2025-08,Night,Pick,4106,4106,13140,115.5,39,0
2025-08-31,2025-08-25,2025-08,Day,Pack,2458,2453,7865,60.5,18,0
2025-08-31,2025-08-25,2025-08,Night,Pack,2699,2687,8638,64.2,21,0
2025-08-31,2025-08-25,2025-08,Day,Ship,3351,3338,10723,100.8,26,0
2025-08-31,2025-08-25,2025-08,Night,Ship,2356,2312,7538,80.4,19,0
2025-08-31,2025-08-25,2025-08,Day,Returns,1590,1564,5089,71.7,52,0
2025-08-31,2025-08-25,2025-08,Night,Returns,1572,1546,5029,88.0,53,0
2025-09-01,2025-09-01,2025-09,Day,Inbound,3720,3690,11905,122.6,47,0
2025-09-01,2025-09-01,2025-09,Night,Inbound,2189,2169,7004,74.5,27,0
2025-09-01,2025-09-01,2025-09,Day,Pick,3846,3820,12306,98.9,33,0
2025-09-01,2025-09-01,2025-09,Night,Pick,3982,3937,12741,106.5,20,0
2025-09-01,2025-09-01,2025-09,Day,Pack,5300,5270,16960,116.9,29,0
2025-09-01,2025-09-01,2025-09,Night,Pack,3135,3135,10032,81.6,13,0
2025-09-01,2025-09-01,2025-09,Day,Ship,4217,4169,13495,120.3,31,0
2025-09-01,2025-09-01,2025-09,Night,Ship,3498,3455,11192,133.5,15,0
2025-09-01,2025-09-01,2025-09,Day,Returns,1902,1867,6086,83.0,43,0
2025-09-01,2025-09-01,2025-09,Night,Returns,2246,2200,7186,116.1,75,0
2025-09-02,2025-09-01,2025-09,Day,Inbound,3521,3516,11268,116.1,24,0
2025-09-02,2025-09-01,2025-09,Night,Inbound,2619,2609,8381,94.3,25,0
2025-09-02,2025-09-01,2025-09,Day,Pick,4118,4111,13176,121.7,31,0
2025-09-02,2025-09-01,2025-09,Night,Pick,2949,2922,9436,84.7,25,0
2025-09-02,2025-09-01,2025-09,Day,Pack,4962,4945,15880,115.6,60,0
2025-09-02,2025-09-01,2025-09,Night,Pack,2743,2726,8778,74.1,21,0
2025-09-02,2025-09-01,2025-09,Day,Ship,2769,2757,8860,75.2,29,0
2025-09-02,2025-09-01,2025-09,Night,Ship,3411,3406,10914,112.3,23,0
2025-09-02,2025-09-01,2025-09,Day,Returns,2318,2282,7416,103.0,66,0
2025-09-02,2025-09-01,2025-09,Night,Returns,1842,1808,5893,95.7,69,0
2025-09-03,2025-09-01,2025-09,Day,Inbound,4044,4018,12940,121.1,44,0
2025-09-03,2025-09-01,2025-09,Night,Inbound,2912,2887,9317,100.5,38,0
2025-09-03,2025-09-01,2025-09,Day,Pick,3742,3697,11976,100.6,29,0
2025-09-03,2025-09-01,2025-09,Night,Pick,2335,2332,7473,75.9,32,0
2025-09-03,2025-09-01,2025-09,Day,Pack,5497,5442,17590,127.4,27,0
2025-09-03,2025-09-01,2025-09,Night,Pack,2606,2577,8340,72.1,23,0
2025-09-03,2025-09-01,2025-09,Day,Ship,4226,4191,13522,118.2,46,0
2025-09-03,2025-09-01,2025-09,Night,Ship,3185,3149,10193,104.6,46,0
2025-09-03,2025-09-01,2025-09,Day,Returns,1852,1810,5927,94.2,31,0
2025-09-03,2025-09-01,2025-09,Night,Returns,2468,2427,7897,114.0,41,0
2025-09-04,2025-09-01,2025-09,Day,Inbound,3985,3920,12753,122.3,39,0
2025-09-04,2025-09-01,2025-09,Night,Inbound,2763,2726,8842,103.8,27,0
2025-09-04,2025-09-01,2025-09,Day,Pick,2700,2693,8640,77.4,39,0
2025-09-04,2025-09-01,2025-09,Night,Pick,3265,3242,10449,102.9,23,0
2025-09-04,2025-09-01,2025-09,Day,Pack,4854,4814,15534,104.8,33,0
2025-09-04,2025-09-01,2025-09,Night,Pack,4077,4058,13047,100.4,29,0
2025-09-04,2025-09-01,2025-09,Day,Ship,3975,3923,12720,139.1,30,0
2025-09-04,2025-09-01,2025-09,Night,Ship,3043,3002,9737,102.4,25,0
2025-09-04,2025-09-01,2025-09,Day,Returns,2070,2024,6624,92.5,39,0
2025-09-04,2025-09-01,2025-09,Night,Returns,2358,2315,7545,120.2,53,0
2025-09-05,2025-09-01,2025-09,Day,Inbound,3490,3463,11169,125.2,37,0
2025-09-05,2025-09-01,2025-09,Night,Inbound,3475,3442,11119,129.8,22,0
2025-09-05,2025-09-01,2025-09,Day,Pick,2898,2874,9273,81.1,33,0
2025-09-05,2025-09-01,2025-09,Night,Pick,4636,4607,14836,122.8,37,0
2025-09-05,2025-09-01,2025-09,Day,Pack,3774,3774,12077,91.1,45,0
2025-09-05,2025-09-01,2025-09,Night,Pack,4822,4814,15431,117.3,23,0
2025-09-05,2025-09-01,2025-09,Day,Ship,4239,4214,13565,123.2,24,0
2025-09-05,2025-09-01,2025-09,Night,Ship,3301,3254,10562,106.5,40,0
2025-09-05,2025-09-01,2025-09,Day,Returns,2152,2122,6885,104.8,15,0
2025-09-05,2025-09-01,2025-09,Night,Returns,1608,1568,5145,82.1,67,0
2025-09-06,2025-09-01,2025-09,Day,Inbound,2808,2795,8986,98.4,25,0
2025-09-06,2025-09-01,2025-09,Night,Inbound,1707,1691,5462,62.6,14,0
2025-09-06,2025-09-01,2025-09,Day,Pick,2866,2866,9172,72.1,36,0
2025-09-06,2025-09-01,2025-09,Night,Pick,2840,2828,9087,88.7,24,0
2025-09-06,2025-09-01,2025-09,Day,Pack,5041,4991,16131,114.9,37,0
2025-09-06,2025-09-01,2025-09,Night,Pack,2772,2746,8869,73.0,27,0
2025-09-06,2025-09-01,2025-09,Day,Ship,2077,2073,6647,61.6,19,0
2025-09-06,2025-09-01,2025-09,Night,Ship,2837,2797,9079,88.4,31,0
2025-09-06,2025-09-01,2025-09,Day,Returns,1633,1602,5226,69.4,43,0
2025-09-06,2025-09-01,2025-09,Night,Returns,1239,1217,3966,65.2,41,0
2025-09-07,2025-09-01,2025-09,Day,Inbound,3391,3386,10852,115.6,54,0
2025-09-07,2025-09-01,2025-09,Night,Inbound,1838,1820,5881,66.1,21,0
2025-09-07,2025-09-01,2025-09,Day,Pick,4384,4346,14029,105.5,44,0
2025-09-07,2025-09-01,2025-09,Night,Pick,3820,3787,12223,101.4,42,0
2025-09-07,2025-09-01,2025-09,Day,Pack,4390,4364,14049,95.9,27,0
2025-09-07,2025-09-01,2025-09,Night,Pack,3027,3025,9687,73.5,28,0
2025-09-07,2025-09-01,2025-09,Day,Ship,2555,2517,8176,76.1,33,0
2025-09-07,2025-09-01,2025-09,Night,Ship,2567,2556,8214,82.9,14,0
2025-09-07,2025-09-01,2025-09,Day,Returns,1439,1407,4606,65.8,32,0
2025-09-07,2025-09-01,2025-09,Night,Returns,1932,1897,6182,101.0,37,0
2025-09-08,2025-09-08,2025-09,Day,Inbound,3689,3651,11804,122.4,35,0
2025-09-08,2025-09-08,2025-09,Night,Inbound,2718,2681,8698,100.7,25,0
2025-09-08,2025-09-08,2025-09,Day,Pick,4078,4051,13048,112.8,38,0
2025-09-08,2025-09-08,2025-09,Night,Pick,3520,3486,11264,105.5,30,0
2025-09-08,2025-09-08,2025-09,Day,Pack,4274,4263,13677,85.8,36,0
2025-09-08,2025-09-08,2025-09,Night,Pack,4253,4237,13611,109.2,29,0
2025-09-08,2025-09-08,2025-09,Day,Ship,2664,2661,8524,77.9,25,0
2025-09-08,2025-09-08,2025-09,Night,Ship,3562,3540,11400,108.7,52,0
2025-09-08,2025-09-08,2025-09,Day,Returns,2921,2863,9347,127.4,121,0
2025-09-08,2025-09-08,2025-09,Night,Returns,2347,2311,7510,115.9,91,0
2025-09-09,2025-09-08,2025-09,Day,Inbound,2618,2601,8376,88.4,40,0
2025-09-09,2025-09-08,2025-09,Night,Inbound,3704,3655,11852,120.0,17,0
2025-09-09,2025-09-08,2025-09,Day,Pick,3566,3565,11410,95.3,30,0
2025-09-09,2025-09-08,2025-09,Night,Pick,3227,3200,10325,95.5,34,0
2025-09-09,2025-09-08,2025-09,Day,Pack,4307,4298,13781,96.9,35,0
2025-09-09,2025-09-08,2025-09,Night,Pack,4528,4473,14490,109.4,42,0
2025-09-09,2025-09-08,2025-09,Day,Ship,2996,2984,9588,85.1,19,0
2025-09-09,2025-09-08,2025-09,Night,Ship,2910,2898,9311,94.9,22,0
2025-09-09,2025-09-08,2025-09,Day,Returns,1788,1755,5721,82.9,53,0
2025-09-09,2025-09-08,2025-09,Night,Returns,1559,1534,4989,87.2,49,0
2025-09-10,2025-09-08,2025-09,Day,Inbound,3791,3760,12132,121.8,32,0
2025-09-10,2025-09-08,2025-09,Night,Inbound,3033,3022,9705,112.1,46,0
2025-09-10,2025-09-08,2025-09,Day,Pick,4973,4956,15913,132.2,27,0
2025-09-10,2025-09-08,2025-09,Night,Pick,2874,2846,9198,85.9,38,0
2025-09-10,2025-09-08,2025-09,Day,Pack,4720,4669,15103,100.7,37,0
2025-09-10,2025-09-08,2025-09,Night,Pack,2946,2916,9428,74.9,29,0
2025-09-10,2025-09-08,2025-09,Day,Ship,4799,4745,15356,138.8,55,0
2025-09-10,2025-09-08,2025-09,Night,Ship,3774,3756,12077,139.0,51,0
2025-09-10,2025-09-08,2025-09,Day,Returns,1842,1802,5895,96.0,41,0
2025-09-10,2025-09-08,2025-09,Night,Returns,2527,2505,8085,116.9,58,0
2025-09-11,2025-09-08,2025-09,Day,Inbound,2562,2536,8200,88.6,37,0
2025-09-11,2025-09-08,2025-09,Night,Inbound,2590,2565,8289,99.6,19,0
2025-09-11,2025-09-08,2025-09,Day,Pick,3034,3029,9708,83.1,16,0
2025-09-11,2025-09-08,2025-09,Night,Pick,3941,3908,12612,131.0,31,0
2025-09-11,2025-09-08,2025-09,Day,Pack,3277,3255,10486,74.4,18,0
2025-09-11,2025-09-08,2025-09,Night,Pack,5342,5303,17096,125.8,44,0
2025-09-11,2025-09-08,2025-09,Day,Ship,3296,3285,10547,105.2,21,0
2025-09-11,2025-09-08,2025-09,Night,Ship,3124,3105,9996,108.3,34,0
2025-09-11,2025-09-08,2025-09,Day,Returns,1324,1301,4238,71.6,40,0
2025-09-11,2025-09-08,2025-09,Night,Returns,2155,2108,6896,110.7,64,0
2025-09-12,2025-09-08,2025-09,Day,Inbound,3911,3861,12516,134.5,42,0
2025-09-12,2025-09-08,2025-09,Night,Inbound,3147,3126,10069,114.6,25,0
2025-09-12,2025-09-08,2025-09,Day,Pick,4725,4711,15120,119.9,55,0
2025-09-12,2025-09-08,2025-09,Night,Pick,2806,2781,8979,88.9,21,0
2025-09-12,2025-09-08,2025-09,Day,Pack,5132,5132,16423,110.0,27,0
2025-09-12,2025-09-08,2025-09,Night,Pack,4240,4240,13569,106.7,51,0
2025-09-12,2025-09-08,2025-09,Day,Ship,3056,3023,9779,90.8,27,0
2025-09-12,2025-09-08,2025-09,Night,Ship,2688,2684,8602,79.4,27,0
2025-09-12,2025-09-08,2025-09,Day,Returns,2766,2709,8851,122.9,90,0
2025-09-12,2025-09-08,2025-09,Night,Returns,1811,1792,5795,116.3,69,0
2025-09-13,2025-09-08,2025-09,Day,Inbound,2495,2475,7985,92.5,6,0
2025-09-13,2025-09-08,2025-09,Night,Inbound,2282,2261,7303,82.0,28,0
2025-09-13,2025-09-08,2025-09,Day,Pick,4126,4121,13204,107.4,52,0
2025-09-13,2025-09-08,2025-09,Night,Pick,3042,3024,9733,86.8,38,0
2025-09-13,2025-09-08,2025-09,Day,Pack,5242,5200,16774,118.1,35,0
2025-09-13,2025-09-08,2025-09,Night,Pack,2926,2926,9363,86.2,14,0
2025-09-13,2025-09-08,2025-09,Day,Ship,4319,4314,13820,113.7,30,0
2025-09-13,2025-09-08,2025-09,Night,Ship,1998,1978,6395,60.9,27,1
2025-09-13,2025-09-08,2025-09,Day,Returns,1357,1334,4343,63.4,40,0
2025-09-13,2025-09-08,2025-09,Night,Returns,1403,1373,4490,76.4,52,0
2025-09-14,2025-09-08,2025-09,Day,Inbound,2353,2334,7530,71.4,26,0
2025-09-14,2025-09-08,2025-09,Night,Inbound,2754,2740,8814,106.9,25,0
2025-09-14,2025-09-08,2025-09,Day,Pick,3764,3741,12045,104.4,37,0
2025-09-14,2025-09-08,2025-09,Night,Pick,1997,1987,6389,61.5,16,0
2025-09-14,2025-09-08,2025-09,Day,Pack,4852,4813,15528,105.4,44,0
2025-09-14,2025-09-08,2025-09,Night,Pack,4487,4472,14358,107.5,27,0
2025-09-14,2025-09-08,2025-09,Day,Ship,2934,2934,9389,82.8,35,0
2025-09-14,2025-09-08,2025-09,Night,Ship,2633,2609,8427,81.1,21,0
2025-09-14,2025-09-08,2025-09,Day,Returns,1691,1661,5410,78.8,40,0
2025-09-14,2025-09-08,2025-09,Night,Returns,1129,1114,3613,62.0,37,0
2025-09-15,2025-09-15,2025-09,Day,Inbound,3798,3774,12153,131.7,34,0
2025-09-15,2025-09-15,2025-09,Night,Inbound,3552,3506,11368,123.1,30,0
2025-09-15,2025-09-15,2025-09,Day,Pick,3887,3884,12437,113.0,25,1
2025-09-15,2025-09-15,2025-09,Night,Pick,3376,3343,10803,97.7,32,0
2025-09-15,2025-09-15,2025-09,Day,Pack,3018,2999,9656,71.9,18,0
2025-09-15,2025-09-15,2025-09,Night,Pack,3295,3257,10543,78.8,36,0
2025-09-15,2025-09-15,2025-09,Day,Ship,2750,2729,8801,80.3,25,0
2025-09-15,2025-09-15,2025-09,Night,Ship,1969,1955,6302,73.7,12,0
2025-09-15,2025-09-15,2025-09,Day,Returns,1727,1696,5527,75.5,21,0
2025-09-15,2025-09-15,2025-09,Night,Returns,1878,1850,6008,94.8,70,0
2025-09-16,2025-09-15,2025-09,Day,Inbound,2704,2658,8652,87.0,31,0
2025-09-16,2025-09-15,2025-09,Night,Inbound,3903,3884,12489,137.8,43,0
2025-09-16,2025-09-15,2025-09,Day,Pick,4698,4677,15034,127.6,26,0
2025-09-16,2025-09-15,2025-09,Night,Pick,2649,2634,8477,87.7,14,0
2025-09-16,2025-09-15,2025-09,Day,Pack,3988,3948,12760,96.9,28,0
2025-09-16,2025-09-15,2025-09,Night,Pack,4032,4032,12903,105.3,41,0
2025-09-16,2025-09-15,2025-09,Day,Ship,4544,4507,14540,125.9,70,0
2025-09-16,2025-09-15,2025-09,Night,Ship,4048,3973,12952,125.9,39,0
2025-09-16,2025-09-15,2025-09,Day,Returns,2181,2148,6979,86.7,70,0
2025-09-16,2025-09-15,2025-09,Night,Returns,2103,2070,6730,105.2,35,0
2025-09-17,2025-09-15,2025-09,Day,Inbound,4447,4397,14231,135.5,39,0
2025-09-17,2025-09-15,2025-09,Night,Inbound,2791,2768,8931,96.6,21,0
2025-09-17,2025-09-15,2025-09,Day,Pick,4959,4928,15870,126.0,45,0
2025-09-17,2025-09-15,2025-09,Night,Pick,3506,3490,11219,98.8,26,0
2025-09-17,2025-09-15,2025-09,Day,Pack,3775,3735,12079,85.8,35,0
2025-09-17,2025-09-15,2025-09,Night,Pack,2757,2750,8822,74.6,22,0
2025-09-17,2025-09-15,2025-09,Day,Ship,4153,4153,13289,119.8,30,0
2025-09-17,2025-09-15,2025-09,Night,Ship,4436,4397,14196,131.1,47,0
2025-09-17,2025-09-15,2025-09,Day,Returns,1786,1746,5715,84.2,32,0
2025-09-17,2025-09-15,2025-09,Night,Returns,2168,2139,6936,113.4,78,0
2025-09-18,2025-09-15,2025-09,Day,Inbound,3108,3073,9947,110.2,39,0
2025-09-18,2025-09-15,2025-09,Night,Inbound,3099,3065,9917,122.1,36,0
2025-09-18,2025-09-15,2025-09,Day,Pick,3011,2995,9635,78.8,23,0
2025-09-18,2025-09-15,2025-09,Night,Pick,3823,3810,12234,112.1,48,0
2025-09-18,2025-09-15,2025-09,Day,Pack,4483,4483,14345,95.6,43,0
2025-09-18,2025-09-15,2025-09,Night,Pack,3979,3979,12734,101.7,33,0
2025-09-18,2025-09-15,2025-09,Day,Ship,2711,2699,8675,81.5,30,0
2025-09-18,2025-09-15,2025-09,Night,Ship,3907,3860,12502,125.5,48,0
2025-09-18,2025-09-15,2025-09,Day,Returns,1745,1714,5584,81.8,55,0
2025-09-18,2025-09-15,2025-09,Night,Returns,1365,1332,4368,71.0,26,0
2025-09-19,2025-09-15,2025-09,Day,Inbound,3914,3893,12525,119.9,56,0
2025-09-19,2025-09-15,2025-09,Night,Inbound,2495,2489,7985,101.7,28,0
2025-09-19,2025-09-15,2025-09,Day,Pick,4946,4900,15826,124.0,39,0
2025-09-19,2025-09-15,2025-09,Night,Pick,2528,2516,8091,80.9,17,0
2025-09-19,2025-09-15,2025-09,Day,Pack,4074,4074,13036,80.5,36,0
2025-09-19,2025-09-15,2025-09,Night,Pack,3476,3459,11123,85.5,25,0
2025-09-19,2025-09-15,2025-09,Day,Ship,5637,5588,18039,139.7,29,0
2025-09-19,2025-09-15,2025-09,Night,Ship,3049,3037,9758,109.5,22,0
2025-09-19,2025-09-15,2025-09,Day,Returns,1907,1881,6101,76.8,48,0
2025-09-19,2025-09-15,2025-09,Night,Returns,1345,1308,4303,76.0,55,0
2025-09-20,2025-09-15,2025-09,Day,Inbound,3268,3239,10458,112.8,44,0
2025-09-20,2025-09-15,2025-09,Night,Inbound,1906,1883,6098,77.3,20,0
2025-09-20,2025-09-15,2025-09,Day,Pick,3490,3488,11168,89.5,23,0
2025-09-20,2025-09-15,2025-09,Night,Pick,2313,2305,7402,68.8,25,0
2025-09-20,2025-09-15,2025-09,Day,Pack,2516,2512,8051,61.8,17,0
2025-09-20,2025-09-15,2025-09,Night,Pack,3117,3112,9975,76.1,31,0
2025-09-20,2025-09-15,2025-09,Day,Ship,3776,3763,12083,113.6,29,0
2025-09-20,2025-09-15,2025-09,Night,Ship,2366,2345,7570,85.1,30,0
2025-09-20,2025-09-15,2025-09,Day,Returns,1378,1351,4409,65.1,34,0
2025-09-20,2025-09-15,2025-09,Night,Returns,1608,1577,5146,80.9,44,0
2025-09-21,2025-09-15,2025-09,Day,Inbound,3295,3266,10543,116.6,45,0
2025-09-21,2025-09-15,2025-09,Night,Inbound,2139,2119,6844,79.7,26,0
2025-09-21,2025-09-15,2025-09,Day,Pick,2290,2270,7327,63.9,24,0
2025-09-21,2025-09-15,2025-09,Night,Pick,3261,3230,10434,89.8,29,0
2025-09-21,2025-09-15,2025-09,Day,Pack,4745,4742,15185,106.8,35,0
2025-09-21,2025-09-15,2025-09,Night,Pack,3993,3969,12779,104.9,31,0
2025-09-21,2025-09-15,2025-09,Day,Ship,2709,2692,8668,83.9,24,0
2025-09-21,2025-09-15,2025-09,Night,Ship,2919,2898,9340,83.9,30,0
2025-09-21,2025-09-15,2025-09,Day,Returns,2585,2561,8271,113.8,95,0
2025-09-21,2025-09-15,2025-09,Night,Returns,1709,1674,5468,84.7,53,0
2025-09-22,2025-09-22,2025-09,Day,Inbound,2994,2953,9580,93.2,28,0
2025-09-22,2025-09-22,2025-09,Night,Inbound,2565,2558,8208,95.9,34,0
2025-09-22,2025-09-22,2025-09,Day,Pick,5076,5035,16242,131.1,58,0
2025-09-22,2025-09-22,2025-09,Night,Pick,3088,3087,9881,86.5,29,0
2025-09-22,2025-09-22,2025-09,Day,Pack,5691,5662,18211,129.6,49,0
2025-09-22,2025-09-22,2025-09,Night,Pack,4885,4861,15632,134.8,38,0
2025-09-22,2025-09-22,2025-09,Day,Ship,3506,3503,11218,89.3,44,0
2025-09-22,2025-09-22,2025-09,Night,Ship,2715,2701,8689,82.6,27,0
2025-09-22,2025-09-22,2025-09,Day,Returns,3062,3014,9799,125.9,75,0
2025-09-22,2025-09-22,2025-09,Night,Returns,2080,2026,6655,108.0,52,0
2025-09-23,2025-09-22,2025-09,Day,Inbound,4123,4071,13195,123.4,42,0
2025-09-23,2025-09-22,2025-09,Night,Inbound,2796,2783,8947,93.9,26,0
2025-09-23,2025-09-22,2025-09,Day,Pick,4338,4307,13883,136.2,44,0
2025-09-23,2025-09-22,2025-09,Night,Pick,4820,4790,15423,136.6,49,0
2025-09-23,2025-09-22,2025-09,Day,Pack,5751,5722,18404,127.0,57,0
2025-09-23,2025-09-22,2025-09,Night,Pack,5112,5069,16358,133.1,59,0
2025-09-23,2025-09-22,2025-09,Day,Ship,3904,3855,12494,117.2,37,0
2025-09-23,2025-09-22,2025-09,Night,Ship,2246,2212,7186,74.4,28,0
2025-09-23,2025-09-22,2025-09,Day,Returns,3046,2976,9748,129.5,88,0
2025-09-23,2025-09-22,2025-09,Night,Returns,2360,2316,7552,139.4,66,0
2025-09-24,2025-09-22,2025-09,Day,Inbound,2334,2305,7470,76.7,14,0
2025-09-24,2025-09-22,2025-09,Night,Inbound,2512,2485,8038,95.6,35,0
2025-09-24,2025-09-22,2025-09,Day,Pick,3083,3078,9866,82.3,31,0
2025-09-24,2025-09-22,2025-09,Night,Pick,2847,2847,9109,81.4,18,0
2025-09-24,2025-09-22,2025-09,Day,Pack,4452,4407,14245,99.9,32,0
2025-09-24,2025-09-22,2025-09,Night,Pack,4154,4154,13292,101.6,59,0
2025-09-24,2025-09-22,2025-09,Day,Ship,4171,4127,13348,110.2,30,0
2025-09-24,2025-09-22,2025-09,Night,Ship,2701,2680,8643,83.8,22,0
2025-09-24,2025-09-22,2025-09,Day,Returns,2690,2657,8608,120.0,69,0
2025-09-24,2025-09-22,2025-09,Night,Returns,2258,2215,7227,127.0,108,0
2025-09-25,2025-09-22,2025-09,Day,Inbound,2413,2403,7721,78.1,30,0
2025-09-25,2025-09-22,2025-09,Night,Inbound,2178,2154,6969,78.6,10,0
2025-09-25,2025-09-22,2025-09,Day,Pick,3666,3666,11731,95.3,30,0
2025-09-25,2025-09-22,2025-09,Night,Pick,4007,3980,12823,130.8,49,0
2025-09-25,2025-09-22,2025-09,Day,Pack,3175,3161,10160,70.8,24,0
2025-09-25,2025-09-22,2025-09,Night,Pack,4810,4769,15393,109.5,44,0
2025-09-25,2025-09-22,2025-09,Day,Ship,3229,3212,10333,94.1,26,0
2025-09-25,2025-09-22,2025-09,Night,Ship,2948,2926,9435,95.4,33,0
2025-09-25,2025-09-22,2025-09,Day,Returns,2161,2117,6916,95.9,72,0
2025-09-25,2025-09-22,2025-09,Night,Returns,2088,2056,6683,95.6,46,0
2025-09-26,2025-09-22,2025-09,Day,Inbound,2729,2709,8733,104.9,21,0
2025-09-26,2025-09-22,2025-09,Night,Inbound,3043,3030,9738,126.1,41,0
2025-09-26,2025-09-22,2025-09,Day,Pick,3889,3870,12444,107.1,23,0
2025-09-26,2025-09-22,2025-09,Night,Pick,3321,3291,10627,103.4,34,0
2025-09-26,2025-09-22,2025-09,Day,Pack,4849,4826,15516,108.8,32,0
2025-09-26,2025-09-22,2025-09,Night,Pack,2431,2421,7778,73.5,21,0
2025-09-26,2025-09-22,2025-09,Day,Ship,1863,1843,5962,71.5,17,0
2025-09-26,2025-09-22,2025-09,Night,Ship,3216,3176,10292,98.3,11,0
2025-09-26,2025-09-22,2025-09,Day,Returns,3124,3047,9998,137.8,79,0
2025-09-26,2025-09-22,2025-09,Night,Returns,2191,2148,7012,103.8,45,0
2025-09-27,2025-09-22,2025-09,Day,Inbound,2646,2615,8466,88.2,30,0
2025-09-27,2025-09-22,2025-09,Night,Inbound,2631,2614,8419,94.3,29,0
2025-09-27,2025-09-22,2025-09,Day,Pick,2706,2680,8660,74.4,30,0
2025-09-27,2025-09-22,2025-09,Night,Pick,3594,3573,11501,105.5,29,0
2025-09-27,2025-09-22,2025-09,Day,Pack,3815,3815,12207,84.7,22,0
2025-09-27,2025-09-22,2025-09,Night,Pack,4219,4199,13500,102.1,39,0
2025-09-27,2025-09-22,2025-09,Day,Ship,2948,2912,9433,83.5,34,0
2025-09-27,2025-09-22,2025-09,Night,Ship,2542,2527,8133,87.1,19,0
2025-09-27,2025-09-22,2025-09,Day,Returns,1961,1921,6274,87.1,52,0
2025-09-27,2025-09-22,2025-09,Night,Returns,1067,1050,3414,61.9,25,0
2025-09-28,2025-09-22,2025-09,Day,Inbound,2078,2055,6651,65.3,30,1
2025-09-28,2025-09-22,2025-09,Night,Inbound,2045,2012,6543,75.7,21,0
2025-09-28,2025-09-22,2025-09,Day,Pick,2552,2552,8165,67.2,20,0
2025-09-28,2025-09-22,2025-09,Night,Pick,2142,2122,6854,65.0,35,0
2025-09-28,2025-09-22,2025-09,Day,Pack,4157,4147,13302,85.0,16,0
2025-09-28,2025-09-22,2025-09,Night,Pack,2395,2395,7665,62.4,16,0
2025-09-28,2025-09-22,2025-09,Day,Ship,2400,2381,7681,68.8,19,0
2025-09-28,2025-09-22,2025-09,Night,Ship,2958,2942,9466,84.6,23,0
2025-09-28,2025-09-22,2025-09,Day,Returns,2463,2422,7882,112.1,110,0
2025-09-28,2025-09-22,2025-09,Night,Returns,1964,1909,6284,103.2,37,0
2025-09-29,2025-09-29,2025-09,Day,Inbound,3241,3217,10370,100.9,40,0
2025-09-29,2025-09-29,2025-09,Night,Inbound,3418,3390,10938,119.2,68,0
2025-09-29,2025-09-29,2025-09,Day,Pick,2520,2495,8065,75.6,31,0
2025-09-29,2025-09-29,2025-09,Night,Pick,4154,4115,13292,123.1,41,0
2025-09-29,2025-09-29,2025-09,Day,Pack,5509,5497,17629,124.4,41,0
2025-09-29,2025-09-29,2025-09,Night,Pack,5475,5432,17519,138.2,49,0
2025-09-29,2025-09-29,2025-09,Day,Ship,3090,3088,9887,84.5,21,0
2025-09-29,2025-09-29,2025-09,Night,Ship,3401,3391,10884,99.8,31,0
2025-09-29,2025-09-29,2025-09,Day,Returns,2833,2780,9066,134.4,66,0
2025-09-29,2025-09-29,2025-09,Night,Returns,2796,2741,8947,140.0,87,0
2025-09-30,2025-09-29,2025-09,Day,Inbound,3588,3576,11480,116.1,27,0
2025-09-30,2025-09-29,2025-09,Night,Inbound,3296,3269,10546,132.9,38,0
2025-09-30,2025-09-29,2025-09,Day,Pick,3332,3320,10661,87.3,42,0
2025-09-30,2025-09-29,2025-09,Night,Pick,3207,3207,10262,105.7,36,0
2025-09-30,2025-09-29,2025-09,Day,Pack,4368,4368,13976,106.1,39,0
2025-09-30,2025-09-29,2025-09,Night,Pack,5195,5188,16623,116.8,38,0
2025-09-30,2025-09-29,2025-09,Day,Ship,4338,4279,13880,121.2,38,0
2025-09-30,2025-09-29,2025-09,Night,Ship,3434,3397,10988,129.6,36,0
2025-09-30,2025-09-29,2025-09,Day,Returns,2682,2658,8582,126.7,80,0
2025-09-30,2025-09-29,2025-09,Night,Returns,1655,1627,5296,79.1,41,0
2025-10-01,2025-09-29,2025-10,Day,Inbound,3912,3880,12517,126.0,48,0
2025-10-01,2025-09-29,2025-10,Night,Inbound,2813,2788,9002,104.9,22,0
2025-10-01,2025-09-29,2025-10,Day,Pick,4292,4249,13733,105.1,44,0
2025-10-01,2025-09-29,2025-10,Night,Pick,3470,3470,11103,102.8,31,0
2025-10-01,2025-09-29,2025-10,Day,Pack,5145,5112,16465,119.5,51,0
2025-10-01,2025-09-29,2025-10,Night,Pack,4798,4798,15354,113.4,40,0
2025-10-01,2025-09-29,2025-10,Day,Ship,4788,4753,15322,148.4,36,0
2025-10-01,2025-09-29,2025-10,Night,Ship,3741,3727,11970,114.6,33,0
2025-10-01,2025-09-29,2025-10,Day,Returns,2981,2950,9539,144.9,66,0
2025-10-01,2025-09-29,2025-10,Night,Returns,2069,2025,6622,98.2,66,0
2025-10-02,2025-09-29,2025-10,Day,Inbound,4801,4756,15363,172.0,69,0
2025-10-02,2025-09-29,2025-10,Night,Inbound,2766,2728,8851,112.7,41,0
2025-10-02,2025-09-29,2025-10,Day,Pick,4219,4216,13500,100.5,24,0
2025-10-02,2025-09-29,2025-10,Night,Pick,4588,4563,14680,120.3,35,0
2025-10-02,2025-09-29,2025-10,Day,Pack,5404,5356,17292,130.2,25,0
2025-10-02,2025-09-29,2025-10,Night,Pack,5362,5352,17158,147.7,61,0
2025-10-02,2025-09-29,2025-10,Day,Ship,5242,5213,16775,154.9,45,0
2025-10-02,2025-09-29,2025-10,Night,Ship,2948,2910,9434,105.3,32,0
2025-10-02,2025-09-29,2025-10,Day,Returns,2244,2207,7180,105.4,69,0
2025-10-02,2025-09-29,2025-10,Night,Returns,3154,3090,10092,140.8,136,0
2025-10-03,2025-09-29,2025-10,Day,Inbound,4692,4616,15016,150.8,37,0
2025-10-03,2025-09-29,2025-10,Night,Inbound,4189,4165,13404,146.6,41,0
2025-10-03,2025-09-29,2025-10,Day,Pick,5731,5656,18340,145.4,39,0
2025-10-03,2025-09-29,2025-10,Night,Pick,5103,5068,16329,149.9,60,0
2025-10-03,2025-09-29,2025-10,Day,Pack,6647,6635,21270,136.8,84,0
2025-10-03,2025-09-29,2025-10,Night,Pack,4539,4539,14526,109.4,34,0
2025-10-03,2025-09-29,2025-10,Day,Ship,3885,3872,12432,116.1,47,0
2025-10-03,2025-09-29,2025-10,Night,Ship,5635,5612,18033,167.5,41,0
2025-10-03,2025-09-29,2025-10,Day,Returns,2300,2266,7359,93.5,57,0
2025-10-03,2025-09-29,2025-10,Night,Returns,3058,3002,9785,152.1,28,0
2025-10-04,2025-09-29,2025-10,Day,Inbound,3415,3389,10927,120.3,52,0
2025-10-04,2025-09-29,2025-10,Night,Inbound,3398,3359,10873,146.2,26,0
2025-10-04,2025-09-29,2025-10,Day,Pick,2838,2810,9081,79.9,45,0
2025-10-04,2025-09-29,2025-10,Night,Pick,4664,4629,14926,136.0,42,0
2025-10-04,2025-09-29,2025-10,Day,Pack,3877,3877,12407,80.8,26,0
2025-10-04,2025-09-29,2025-10,Night,Pack,3296,3268,10548,76.4,18,0
2025-10-04,2025-09-29,2025-10,Day,Ship,3334,3313,10668,102.8,36,0
2025-10-04,2025-09-29,2025-10,Night,Ship,3471,3456,11106,107.4,34,0
2025-10-04,2025-09-29,2025-10,Day,Returns,3032,2998,9701,142.6,76,0
2025-10-04,2025-09-29,2025-10,Night,Returns,2281,2258,7298,108.2,72,0
2025-10-05,2025-09-29,2025-10,Day,Inbound,3765,3720,12049,122.8,43,0
2025-10-05,2025-09-29,2025-10,Night,Inbound,2597,2576,8309,110.5,39,0
2025-10-05,2025-09-29,2025-10,Day,Pick,3762,3751,12037,92.8,19,0
2025-10-05,2025-09-29,2025-10,Night,Pick,3175,3155,10159,92.4,32,0
2025-10-05,2025-09-29,2025-10,Day,Pack,7396,7322,23667,149.0,48,0
2025-10-05,2025-09-29,2025-10,Night,Pack,3561,3541,11396,92.0,12,0
2025-10-05,2025-09-29,2025-10,Day,Ship,4045,4045,12945,137.7,39,0
2025-10-05,2025-09-29,2025-10,Night,Ship,4505,4458,14415,135.7,41,0
2025-10-05,2025-09-29,2025-10,Day,Returns,3154,3086,10094,137.2,89,0
2025-10-05,2025-09-29,2025-10,Night,Returns,2644,2601,8460,128.9,86,0
2025-10-06,2025-10-06,2025-10,Day,Inbound,4115,4095,13168,135.6,61,0
2025-10-06,2025-10-06,2025-10,Night,Inbound,3459,3459,11070,120.3,50,0
2025-10-06,2025-10-06,2025-10,Day,Pick,4426,4383,14162,124.8,37,0
2025-10-06,2025-10-06,2025-10,Night,Pick,4882,4857,15621,146.2,55,0
2025-10-06,2025-10-06,2025-10,Day,Pack,6691,6622,21411,146.2,34,0
2025-10-06,2025-10-06,2025-10,Night,Pack,5442,5403,17415,127.1,51,0
2025-10-06,2025-10-06,2025-10,Day,Ship,5676,5642,18163,164.8,26,0
2025-10-06,2025-10-06,2025-10,Night,Ship,3071,3025,9827,113.6,28,0
2025-10-06,2025-10-06,2025-10,Day,Returns,2456,2412,7858,111.2,70,0
2025-10-06,2025-10-06,2025-10,Night,Returns,2036,1991,6514,97.9,61,0
2025-10-07,2025-10-06,2025-10,Day,Inbound,3879,3849,12414,135.0,31,0
2025-10-07,2025-10-06,2025-10,Night,Inbound,2522,2494,8071,100.3,30,0
2025-10-07,2025-10-06,2025-10,Day,Pick,4767,4759,15255,127.3,41,0
2025-10-07,2025-10-06,2025-10,Night,Pick,5237,5210,16757,168.3,25,0
2025-10-07,2025-10-06,2025-10,Day,Pack,5297,5296,16950,116.6,47,0
2025-10-07,2025-10-06,2025-10,Night,Pack,4429,4407,14174,110.6,33,0
2025-10-07,2025-10-06,2025-10,Day,Ship,5874,5816,18796,170.9,53,0
2025-10-07,2025-10-06,2025-10,Night,Ship,4252,4210,13608,128.0,31,0
2025-10-07,2025-10-06,2025-10,Day,Returns,3109,3067,9949,139.6,97,0
2025-10-07,2025-10-06,2025-10,Night,Returns,3470,3410,11103,173.4,104,0
2025-10-08,2025-10-06,2025-10,Day,Inbound,2928,2896,9370,99.8,20,0
2025-10-08,2025-10-06,2025-10,Night,Inbound,2881,2850,9219,98.4,57,0
2025-10-08,2025-10-06,2025-10,Day,Pick,6330,6301,20256,162.6,80,0
2025-10-08,2025-10-06,2025-10,Night,Pick,4862,4815,15557,138.1,43,0
2025-10-08,2025-10-06,2025-10,Day,Pack,4315,4315,13808,101.2,36,0
2025-10-08,2025-10-06,2025-10,Night,Pack,4426,4384,14163,118.1,43,0
2025-10-08,2025-10-06,2025-10,Day,Ship,3220,3193,10303,93.1,31,0
2025-10-08,2025-10-06,2025-10,Night,Ship,5309,5275,16989,160.0,58,0
2025-10-08,2025-10-06,2025-10,Day,Returns,2668,2624,8537,138.5,72,0
2025-10-08,2025-10-06,2025-10,Night,Returns,2862,2792,9157,123.1,114,0
2025-10-09,2025-10-06,2025-10,Day,Inbound,4382,4360,14023,148.6,33,0
2025-10-09,2025-10-06,2025-10,Night,Inbound,4154,4104,13293,155.9,24,0
2025-10-09,2025-10-06,2025-10,Day,Pick,3942,3927,12616,102.7,38,0
2025-10-09,2025-10-06,2025-10,Night,Pick,3388,3355,10842,109.7,40,0
2025-10-09,2025-10-06,2025-10,Day,Pack,7472,7470,23912,167.2,54,0
2025-10-09,2025-10-06,2025-10,Night,Pack,6394,6372,20462,166.7,43,0
2025-10-09,2025-10-06,2025-10,Day,Ship,6537,6506,20917,170.1,95,0
2025-10-09,2025-10-06,2025-10,Night,Ship,2929,2892,9374,94.4,26,0
2025-10-09,2025-10-06,2025-10,Day,Returns,2432,2387,7781,106.1,72,0
2025-10-09,2025-10-06,2025-10,Night,Returns,2833,2770,9067,160.6,88,0
2025-10-10,2025-10-06,2025-10,Day,Inbound,3853,3826,12330,120.9,55,0
2025-10-10,2025-10-06,2025-10,Night,Inbound,2585,2585,8271,90.2,35,0
2025-10-10,2025-10-06,2025-10,Day,Pick,5201,5153,16644,143.0,50,0
2025-10-10,2025-10-06,2025-10,Night,Pick,4918,4869,15736,155.8,33,0
2025-10-10,2025-10-06,2025-10,Day,Pack,6911,6911,22116,159.2,63,0
2025-10-10,2025-10-06,2025-10,Night,Pack,4799,4774,15358,118.2,19,0
2025-10-10,2025-10-06,2025-10,Day,Ship,4932,4892,15784,151.2,30,0
2025-10-10,2025-10-06,2025-10,Night,Ship,3452,3408,11048,115.8,33,0
2025-10-10,2025-10-06,2025-10,Day,Returns,2107,2070,6743,104.2,47,0
2025-10-10,2025-10-06,2025-10,Night,Returns,3212,3143,10279,173.1,89,1
2025-10-11,2025-10-06,2025-10,Day,Inbound,2609,2588,8350,78.1,40,0
2025-10-11,2025-10-06,2025-10,Night,Inbound,3502,3454,11207,129.8,42,0
2025-10-11,2025-10-06,2025-10,Day,Pick,3992,3963,12774,98.3,24,0
2025-10-11,2025-10-06,2025-10,Night,Pick,4029,4007,12894,113.3,39,0
2025-10-11,2025-10-06,2025-10,Day,Pack,4365,4359,13967,102.4,23,0
2025-10-11,2025-10-06,2025-10,Night,Pack,5929,5907,18974,143.0,48,0
2025-10-11,2025-10-06,2025-10,Day,Ship,4432,4423,14182,137.0,55,0
2025-10-11,2025-10-06,2025-10,Night,Ship,2401,2401,7682,77.6,20,0
2025-10-11,2025-10-06,2025-10,Day,Returns,2088,2061,6681,80.0,46,0
2025-10-11,2025-10-06,2025-10,Night,Returns,2431,2386,7779,137.3,79,0
2025-10-12,2025-10-06,2025-10,Day,Inbound,2978,2956,9530,111.1,45,0
2025-10-12,2025-10-06,2025-10,Night,Inbound,3236,3209,10354,115.9,49,0
2025-10-12,2025-10-06,2025-10,Day,Pick,2957,2927,9461,83.1,23,0
2025-10-12,2025-10-06,2025-10,Night,Pick,5024,4992,16078,146.1,34,0
2025-10-12,2025-10-06,2025-10,Day,Pack,3620,3603,11584,87.2,28,0
2025-10-12,2025-10-06,2025-10,Night,Pack,6028,6001,19289,146.9,54,0
2025-10-12,2025-10-06,2025-10,Day,Ship,5181,5131,16580,148.6,61,0
2025-10-12,2025-10-06,2025-10,Night,Ship,3655,3639,11696,114.9,33,0
2025-10-12,2025-10-06,2025-10,Day,Returns,3474,3408,11117,144.0,63,0
2025-10-12,2025-10-06,2025-10,Night,Returns,2658,2598,8506,137.1,74,0
2025-10-13,2025-10-13,2025-10,Day,Inbound,3847,3784,12310,124.4,41,0
2025-10-13,2025-10-13,2025-10,Night,Inbound,2827,2777,9046,122.4,32,0
2025-10-13,2025-10-13,2025-10,Day,Pick,3927,3886,12567,105.5,39,0
2025-10-13,2025-10-13,2025-10,Night,Pick,4345,4328,13903,127.7,43,0
2025-10-13,2025-10-13,2025-10,Day,Pack,7051,7015,22563,167.2,64,0
2025-10-13,2025-10-13,2025-10,Night,Pack,3849,3830,12316,100.8,23,0
2025-10-13,2025-10-13,2025-10,Day,Ship,5004,4980,16012,153.3,61,0
2025-10-13,2025-10-13,2025-10,Night,Ship,4453,4420,14250,161.0,33,0
2025-10-13,2025-10-13,2025-10,Day,Returns,2599,2554,8318,122.9,79,0
2025-10-13,2025-10-13,2025-10,Night,Returns,3022,2953,9669,151.0,131,0
2025-10-14,2025-10-13,2025-10,Day,Inbound,3074,3056,9836,114.1,37,0
2025-10-14,2025-10-13,2025-10,Night,Inbound,4400,4347,14080,146.2,47,0
2025-10-14,2025-10-13,2025-10,Day,Pick,4570,4534,14625,144.3,51,0
2025-10-14,2025-10-13,2025-10,Night,Pick,5257,5222,16823,155.3,56,0
2025-10-14,2025-10-13,2025-10,Day,Pack,6925,6850,22161,156.0,58,0
2025-10-14,2025-10-13,2025-10,Night,Pack,4946,4913,15828,123.6,41,0
2025-10-14,2025-10-13,2025-10,Day,Ship,3540,3540,11329,123.6,29,0
2025-10-14,2025-10-13,2025-10,Night,Ship,3296,3259,10546,100.5,28,0
2025-10-14,2025-10-13,2025-10,Day,Returns,2603,2546,8329,112.2,84,0
2025-10-14,2025-10-13,2025-10,Night,Returns,3198,3156,10235,173.6,74,0
2025-10-15,2025-10-13,2025-10,Day,Inbound,4425,4390,14159,147.4,35,0
2025-10-15,2025-10-13,2025-10,Night,Inbound,4000,3953,12799,156.8,32,0
2025-10-15,2025-10-13,2025-10,Day,Pick,4434,4398,14188,120.9,32,0
2025-10-15,2025-10-13,2025-10,Night,Pick,4144,4113,13262,138.1,40,0
2025-10-15,2025-10-13,2025-10,Day,Pack,5135,5073,16431,104.2,44,0
2025-10-15,2025-10-13,2025-10,Night,Pack,4652,4601,14885,107.5,59,0
2025-10-15,2025-10-13,2025-10,Day,Ship,5078,5047,16251,161.3,54,0
2025-10-15,2025-10-13,2025-10,Night,Ship,5219,5177,16700,152.9,52,0
2025-10-15,2025-10-13,2025-10,Day,Returns,3469,3398,11102,138.6,116,0
2025-10-15,2025-10-13,2025-10,Night,Returns,1962,1928,6278,106.8,48,0
2025-10-16,2025-10-13,2025-10,Day,Inbound,3190,3136,10208,111.8,36,0
2025-10-16,2025-10-13,2025-10,Night,Inbound,2733,2694,8745,98.5,33,0
2025-10-16,2025-10-13,2025-10,Day,Pick,5946,5924,19026,156.0,83,0
2025-10-16,2025-10-13,2025-10,Night,Pick,3807,3807,12183,118.7,34,0
2025-10-16,2025-10-13,2025-10,Day,Pack,6967,6930,22293,167.0,54,0
2025-10-16,2025-10-13,2025-10,Night,Pack,5745,5677,18384,146.7,57,0
2025-10-16,2025-10-13,2025-10,Day,Ship,3393,3381,10857,95.3,47,0
2025-10-16,2025-10-13,2025-10,Night,Ship,5158,5106,16505,175.6,49,0
2025-10-16,2025-10-13,2025-10,Day,Returns,1932,1898,6181,91.5,74,0
2025-10-16,2025-10-13,2025-10,Night,Returns,2101,2058,6722,98.2,51,0
2025-10-17,2025-10-13,2025-10,Day,Inbound,3178,3155,10170,105.4,38,1
2025-10-17,2025-10-13,2025-10,Night,Inbound,3985,3982,12753,142.4,58,0
2025-10-17,2025-10-13,2025-10,Day,Pick,5319,5269,17020,133.4,52,0
2025-10-17,2025-10-13,2025-10,Night,Pick,5024,4988,16077,144.4,50,0
2025-10-17,2025-10-13,2025-10,Day,Pack,6250,6243,20000,121.6,64,0
2025-10-17,2025-10-13,2025-10,Night,Pack,5271,5255,16867,131.9,41,0
2025-10-17,2025-10-13,2025-10,Day,Ship,4446,4421,14227,120.7,43,0
2025-10-17,2025-10-13,2025-10,Night,Ship,3642,3631,11654,109.8,47,0
2025-10-17,2025-10-13,2025-10,Day,Returns,3313,3236,10602,140.8,106,1
2025-10-17,2025-10-13,2025-10,Night,Returns,2858,2796,9146,143.8,113,0
2025-10-18,2025-10-13,2025-10,Day,Inbound,3923,3885,12554,127.5,46,0
2025-10-18,2025-10-13,2025-10,Night,Inbound,2508,2463,8025,82.5,23,0
2025-10-18,2025-10-13,2025-10,Day,Pick,5423,5370,17355,140.0,56,0
2025-10-18,2025-10-13,2025-10,Night,Pick,4895,4842,15664,145.2,49,0
2025-10-18,2025-10-13,2025-10,Day,Pack,3680,3653,11775,84.0,30,0
2025-10-18,2025-10-13,2025-10,Night,Pack,5710,5669,18271,146.5,49,0
2025-10-18,2025-10-13,2025-10,Day,Ship,2939,2927,9404,84.1,21,0
2025-10-18,2025-10-13,2025-10,Night,Ship,2850,2823,9120,80.6,20,0
2025-10-18,2025-10-13,2025-10,Day,Returns,2776,2718,8883,135.1,82,0
2025-10-18,2025-10-13,2025-10,Night,Returns,1687,1650,5397,85.2,61,0
2025-10-19,2025-10-13,2025-10,Day,Inbound,2978,2958,9531,100.0,25,0
2025-10-19,2025-10-13,2025-10,Night,Inbound,2566,2561,8211,95.7,15,0
2025-10-19,2025-10-13,2025-10,Day,Pick,4726,4714,15123,138.9,49,0
2025-10-19,2025-10-13,2025-10,Night,Pick,3334,3334,10670,108.1,27,0
2025-10-19,2025-10-13,2025-10,Day,Pack,4183,4172,13385,96.9,30,0
2025-10-19,2025-10-13,2025-10,Night,Pack,3738,3727,11960,96.7,38,0
2025-10-19,2025-10-13,2025-10,Day,Ship,3232,3201,10342,103.1,37,0
2025-10-19,2025-10-13,2025-10,Night,Ship,2670,2654,8543,97.5,23,0
2025-10-19,2025-10-13,2025-10,Day,Returns,2841,2790,9092,137.2,105,0
2025-10-19,2025-10-13,2025-10,Night,Returns,1864,1823,5966,92.5,74,0
2025-10-20,2025-10-20,2025-10,Day,Inbound,2705,2669,8657,98.3,36,0
2025-10-20,2025-10-20,2025-10,Night,Inbound,3708,3696,11867,141.6,31,0
2025-10-20,2025-10-20,2025-10,Day,Pick,5871,5843,18787,144.0,57,0
2025-10-20,2025-10-20,2025-10,Night,Pick,3264,3251,10444,98.4,50,0
2025-10-20,2025-10-20,2025-10,Day,Pack,5533,5527,17707,136.4,23,0
2025-10-20,2025-10-20,2025-10,Night,Pack,5752,5730,18406,148.3,44,0
2025-10-20,2025-10-20,2025-10,Day,Ship,3209,3190,10268,92.7,24,0
2025-10-20,2025-10-20,2025-10,Night,Ship,4050,4006,12960,126.1,39,0
2025-10-20,2025-10-20,2025-10,Day,Returns,3159,3112,10108,143.8,75,0
2025-10-20,2025-10-20,2025-10,Night,Returns,2571,2527,8226,125.9,81,0
2025-10-21,2025-10-20,2025-10,Day,Inbound,3248,3243,10393,116.7,36,0
2025-10-21,2025-10-20,2025-10,Night,Inbound,3662,3645,11720,144.9,33,0
2025-10-21,2025-10-20,2025-10,Day,Pick,5136,5124,16434,143.8,50,0
2025-10-21,2025-10-20,2025-10,Night,Pick,4289,4230,13726,137.6,41,0
2025-10-21,2025-10-20,2025-10,Day,Pack,5374,5346,17196,130.1,37,0
2025-10-21,2025-10-20,2025-10,Night,Pack,4937,4937,15797,115.7,43,0
2025-10-21,2025-10-20,2025-10,Day,Ship,4382,4359,14021,118.1,56,0
2025-10-21,2025-10-20,2025-10,Night,Ship,2772,2753,8872,96.2,19,0
2025-10-21,2025-10-20,2025-10,Day,Returns,2655,2601,8496,109.1,76,0
2025-10-21,2025-10-20,2025-10,Night,Returns,2506,2443,8020,124.3,68,0
2025-10-22,2025-10-20,2025-10,Day,Inbound,4489,4455,14364,138.0,64,0
2025-10-22,2025-10-20,2025-10,Night,Inbound,2126,2090,6802,93.2,26,0
2025-10-22,2025-10-20,2025-10,Day,Pick,6266,6189,20050,162.8,49,0
2025-10-22,2025-10-20,2025-10,Night,Pick,4622,4603,14792,138.2,56,0
2025-10-22,2025-10-20,2025-10,Day,Pack,5509,5495,17628,133.4,53,0
2025-10-22,2025-10-20,2025-10,Night,Pack,4628,4575,14809,113.4,51,0
2025-10-22,2025-10-20,2025-10,Day,Ship,4637,4609,14839,129.0,37,0
2025-10-22,2025-10-20,2025-10,Night,Ship,4306,4240,13780,133.7,37,0
2025-10-22,2025-10-20,2025-10,Day,Returns,1887,1860,6037,91.1,46,0
2025-10-22,2025-10-20,2025-10,Night,Returns,2909,2859,9308,154.1,76,0
2025-10-23,2025-10-20,2025-10,Day,Inbound,5140,5085,16448,163.2,59,0
2025-10-23,2025-10-20,2025-10,Night,Inbound,4558,4502,14587,169.1,58,0
2025-10-23,2025-10-20,2025-10,Day,Pick,7012,6942,22437,163.5,41,0
2025-10-23,2025-10-20,2025-10,Night,Pick,4828,4789,15451,150.9,60,1
2025-10-23,2025-10-20,2025-10,Day,Pack,4579,4560,14654,103.9,48,0
2025-10-23,2025-10-20,2025-10,Night,Pack,6304,6298,20173,147.2,56,0
2025-10-23,2025-10-20,2025-10,Day,Ship,6430,6395,20577,174.3,57,0
2025-10-23,2025-10-20,2025-10,Night,Ship,4971,4911,15906,154.4,64,0
2025-10-23,2025-10-20,2025-10,Day,Returns,3262,3188,10438,167.5,86,0
2025-10-23,2025-10-20,2025-10,Night,Returns,1993,1954,6378,96.5,29,0
2025-10-24,2025-10-20,2025-10,Day,Inbound,3763,3696,12041,137.6,30,0
2025-10-24,2025-10-20,2025-10,Night,Inbound,3602,3559,11527,145.2,40,0
2025-10-24,2025-10-20,2025-10,Day,Pick,6254,6222,20013,160.9,77,0
2025-10-24,2025-10-20,2025-10,Night,Pick,3760,3759,12033,125.3,52,0
2025-10-24,2025-10-20,2025-10,Day,Pack,6337,6282,20278,154.7,27,0
2025-10-24,2025-10-20,2025-10,Night,Pack,4712,4693,15080,125.1,56,0
2025-10-24,2025-10-20,2025-10,Day,Ship,4389,4372,14045,119.0,47,0
2025-10-24,2025-10-20,2025-10,Night,Ship,2985,2968,9553,103.7,21,0
2025-10-24,2025-10-20,2025-10,Day,Returns,2233,2182,7147,91.8,67,0
2025-10-24,2025-10-20,2025-10,Night,Returns,2247,2225,7190,131.8,60,0
2025-10-25,2025-10-20,2025-10,Day,Inbound,2598,2584,8313,90.4,15,0
2025-10-25,2025-10-20,2025-10,Night,Inbound,3357,3314,10743,121.6,35,0
2025-10-25,2025-10-20,2025-10,Day,Pick,3092,3082,9895,81.0,18,0
2025-10-25,2025-10-20,2025-10,Night,Pick,5161,5133,16515,146.5,60,0
2025-10-25,2025-10-20,2025-10,Day,Pack,5543,5533,17739,117.7,53,0
2025-10-25,2025-10-20,2025-10,Night,Pack,3614,3606,11564,94.4,28,0
2025-10-25,2025-10-20,2025-10,Day,Ship,3718,3708,11898,108.4,37,0
2025-10-25,2025-10-20,2025-10,Night,Ship,3474,3448,11118,117.3,19,0
2025-10-25,2025-10-20,2025-10,Day,Returns,3156,3109,10100,148.9,94,0
2025-10-25,2025-10-20,2025-10,Night,Returns,2768,2722,8859,130.3,76,0
2025-10-26,2025-10-20,2025-10,Day,Inbound,3071,3043,9828,112.1,35,0
2025-10-26,2025-10-20,2025-10,Night,Inbound,2290,2262,7328,84.4,19,1
2025-10-26,2025-10-20,2025-10,Day,Pick,3477,3447,11126,94.7,29,0
2025-10-26,2025-10-20,2025-10,Night,Pick,2432,2416,7784,85.0,23,0
2025-10-26,2025-10-20,2025-10,Day,Pack,4868,4867,15577,123.3,47,0
2025-10-26,2025-10-20,2025-10,Night,Pack,4187,4152,13398,113.9,36,0
2025-10-26,2025-10-20,2025-10,Day,Ship,2616,2608,8370,77.1,22,0
2025-10-26,2025-10-20,2025-10,Night,Ship,4609,4588,14748,137.9,56,0
2025-10-26,2025-10-20,2025-10,Day,Returns,2447,2407,7831,111.9,45,0
2025-10-26,2025-10-20,2025-10,Night,Returns,2226,2181,7123,116.6,51,0
2025-10-27,2025-10-27,2025-10,Day,Inbound,3681,3642,11779,120.3,37,0
2025-10-27,2025-10-27,2025-10,Night,Inbound,4341,4293,13892,170.0,62,0
2025-10-27,2025-10-27,2025-10,Day,Pick,6132,6078,19624,176.9,40,0
2025-10-27,2025-10-27,2025-10,Night,Pick,3762,3737,12038,110.2,31,0
2025-10-27,2025-10-27,2025-10,Day,Pack,5748,5739,18394,138.6,61,0
2025-10-27,2025-10-27,2025-10,Night,Pack,6817,6792,21814,174.0,75,0
2025-10-27,2025-10-27,2025-10,Day,Ship,5452,5443,17445,179.1,53,0
2025-10-27,2025-10-27,2025-10,Night,Ship,3776,3763,12084,135.0,32,0
2025-10-27,2025-10-27,2025-10,Day,Returns,2306,2260,7378,101.5,71,0
2025-10-27,2025-10-27,2025-10,Night,Returns,2098,2064,6712,106.6,61,0
2025-10-28,2025-10-27,2025-10,Day,Inbound,2849,2809,9116,99.0,30,0
2025-10-28,2025-10-27,2025-10,Night,Inbound,3708,3673,11866,139.1,37,0
2025-10-28,2025-10-27,2025-10,Day,Pick,6478,6423,20730,164.1,61,0
2025-10-28,2025-10-27,2025-10,Night,Pick,3699,3671,11836,112.0,43,0
2025-10-28,2025-10-27,2025-10,Day,Pack,5454,5437,17452,121.9,48,0
2025-10-28,2025-10-27,2025-10,Night,Pack,6424,6404,20557,169.7,56,0
2025-10-28,2025-10-27,2025-10,Day,Ship,5224,5224,16716,171.6,42,0
2025-10-28,2025-10-27,2025-10,Night,Ship,5442,5413,17415,175.7,56,0
2025-10-28,2025-10-27,2025-10,Day,Returns,1966,1929,6291,92.2,63,0
2025-10-28,2025-10-27,2025-10,Night,Returns,2288,2243,7321,101.4,91,0
2025-10-29,2025-10-27,2025-10,Day,Inbound,5371,5319,17188,173.1,60,0
2025-10-29,2025-10-27,2025-10,Night,Inbound,4543,4493,14538,158.0,50,0
2025-10-29,2025-10-27,2025-10,Day,Pick,4406,4368,14099,114.5,31,0
2025-10-29,2025-10-27,2025-10,Night,Pick,4609,4569,14748,145.1,45,0
2025-10-29,2025-10-27,2025-10,Day,Pack,4541,4499,14531,107.3,45,0
2025-10-29,2025-10-27,2025-10,Night,Pack,4331,4298,13859,98.9,23,0
2025-10-29,2025-10-27,2025-10,Day,Ship,4156,4102,13300,130.1,36,0
2025-10-29,2025-10-27,2025-10,Night,Ship,4972,4927,15909,170.8,50,0
2025-10-29,2025-10-27,2025-10,Day,Returns,3067,3018,9813,138.1,28,0
2025-10-29,2025-10-27,2025-10,Night,Returns,2485,2441,7952,128.1,61,0
2025-10-30,2025-10-27,2025-10,Day,Inbound,4261,4238,13634,158.5,65,0
2025-10-30,2025-10-27,2025-10,Night,Inbound,3868,3868,12377,163.2,40,0
2025-10-30,2025-10-27,2025-10,Day,Pick,5910,5851,18911,156.1,65,0
2025-10-30,2025-10-27,2025-10,Night,Pick,3680,3652,11775,106.1,32,0
2025-10-30,2025-10-27,2025-10,Day,Pack,5664,5610,18125,152.9,54,0
2025-10-30,2025-10-27,2025-10,Night,Pack,4379,4367,14014,113.6,32,0
2025-10-30,2025-10-27,2025-10,Day,Ship,3170,3151,10144,92.4,29,0
2025-10-30,2025-10-27,2025-10,Night,Ship,2580,2560,8255,90.1,18,0
2025-10-30,2025-10-27,2025-10,Day,Returns,2581,2541,8260,118.0,96,0
2025-10-30,2025-10-27,2025-10,Night,Returns,3090,3036,9887,156.7,44,0
2025-10-31,2025-10-27,2025-10,Day,Inbound,4859,4835,15550,164.7,32,0
2025-10-31,2025-10-27,2025-10,Night,Inbound,3752,3726,12007,145.0,35,0
2025-10-31,2025-10-27,2025-10,Day,Pick,4094,4062,13102,113.1,56,0
2025-10-31,2025-10-27,2025-10,Night,Pick,3728,3707,11928,103.7,43,0
2025-10-31,2025-10-27,2025-10,Day,Pack,6444,6434,20622,135.0,55,0
2025-10-31,2025-10-27,2025-10,Night,Pack,3711,3694,11876,96.9,44,0
2025-10-31,2025-10-27,2025-10,Day,Ship,3073,3073,9833,92.5,31,0
2025-10-31,2025-10-27,2025-10,Night,Ship,4501,4460,14404,136.4,21,0
2025-10-31,2025-10-27,2025-10,Day,Returns,3626,3539,11602,155.1,68,0
2025-10-31,2025-10-27,2025-10,Night,Returns,3687,3627,11799,175.4,79,0
2025-11-01,2025-10-27,2025-11,Day,Inbound,2782,2759,8901,93.4,27,0
2025-11-01,2025-10-27,2025-11,Night,Inbound,2234,2207,7148,83.8,23,1
2025-11-01,2025-10-27,2025-11,Day,Pick,5430,5393,17376,143.7,53,0
2025-11-01,2025-10-27,2025-11,Night,Pick,3942,3918,12616,113.6,36,0
2025-11-01,2025-10-27,2025-11,Day,Pack,6285,6266,20113,141.6,39,0
2025-11-01,2025-10-27,2025-11,Night,Pack,5700,5693,18240,133.6,48,0
2025-11-01,2025-10-27,2025-11,Day,Ship,4948,4948,15834,142.4,29,0
2025-11-01,2025-10-27,2025-11,Night,Ship,3740,3717,11968,141.5,38,0
2025-11-01,2025-10-27,2025-11,Day,Returns,2561,2503,8196,126.4,74,0
2025-11-01,2025-10-27,2025-11,Night,Returns,2000,1967,6400,119.1,70,0
2025-11-02,2025-10-27,2025-11,Day,Inbound,3699,3673,11836,143.7,26,0
2025-11-02,2025-10-27,2025-11,Night,Inbound,2955,2949,9455,99.3,41,0
2025-11-02,2025-10-27,2025-11,Day,Pick,4598,4591,14714,122.1,36,0
2025-11-02,2025-10-27,2025-11,Night,Pick,4814,4777,15404,136.5,51,0
2025-11-02,2025-10-27,2025-11,Day,Pack,6558,6487,20985,141.2,38,0
2025-11-02,2025-10-27,2025-11,Night,Pack,3375,3356,10801,86.0,38,0
2025-11-02,2025-10-27,2025-11,Day,Ship,2610,2590,8353,78.3,22,0
2025-11-02,2025-10-27,2025-11,Night,Ship,2676,2653,8563,83.6,17,0
2025-11-02,2025-10-27,2025-11,Day,Returns,3152,3123,10085,141.2,58,0
2025-11-02,2025-10-27,2025-11,Night,Returns,1485,1460,4752,102.4,94,0
2025-11-03,2025-11-03,2025-11,Day,Inbound,3113,3095,9961,91.3,42,0
2025-11-03,2025-11-03,2025-11,Night,Inbound,3009,2986,9630,101.5,27,0
2025-11-03,2025-11-03,2025-11,Day,Pick,6358,6328,20347,157.4,63,0
2025-11-03,2025-11-03,2025-11,Night,Pick,4684,4673,14989,147.3,27,0
2025-11-03,2025-11-03,2025-11,Day,Pack,7367,7365,23573,169.1,35,0
2025-11-03,2025-11-03,2025-11,Night,Pack,6253,6233,20009,163.9,54,0
2025-11-03,2025-11-03,2025-11,Day,Ship,5732,5679,18342,165.9,53,1
2025-11-03,2025-11-03,2025-11,Night,Ship,4630,4558,14817,170.1,54,0
2025-11-03,2025-11-03,2025-11,Day,Returns,2497,2449,7990,118.2,79,0
2025-11-03,2025-11-03,2025-11,Night,Returns,2619,2565,8381,172.5,83,0
2025-11-04,2025-11-03,2025-11,Day,Inbound,3142,3131,10053,105.9,46,0
2025-11-04,2025-11-03,2025-11,Night,Inbound,3324,3275,10638,128.3,31,0
2025-11-04,2025-11-03,2025-11,Day,Pick,4328,4290,13850,124.7,31,0
2025-11-04,2025-11-03,2025-11,Night,Pick,5531,5523,17700,151.4,8,0
2025-11-04,2025-11-03,2025-11,Day,Pack,5421,5393,17347,122.7,50,0
2025-11-04,2025-11-03,2025-11,Night,Pack,5249,5203,16796,132.8,30,0
2025-11-04,2025-11-03,2025-11,Day,Ship,4999,4982,15996,148.4,45,0
2025-11-04,2025-11-03,2025-11,Night,Ship,5249,5182,16797,161.0,43,0
2025-11-04,2025-11-03,2025-11,Day,Returns,3944,3872,12620,167.0,150,0
2025-11-04,2025-11-03,2025-11,Night,Returns,2009,1981,6429,121.3,129,0
2025-11-05,2025-11-03,2025-11,Day,Inbound,4775,4714,15279,160.5,47,0
2025-11-05,2025-11-03,2025-11,Night,Inbound,3014,2968,9646,107.0,49,0
2025-11-05,2025-11-03,2025-11,Day,Pick,6338,6302,20280,171.5,91,0
2025-11-05,2025-11-03,2025-11,Night,Pick,4356,4333,13938,128.8,41,0
2025-11-05,2025-11-03,2025-11,Day,Pack,4428,4412,14168,102.1,28,0
2025-11-05,2025-11-03,2025-11,Night,Pack,6091,6071,19490,157.9,68,0
2025-11-05,2025-11-03,2025-11,Day,Ship,5557,5496,17783,173.3,47,0
2025-11-05,2025-11-03,2025-11,Night,Ship,3568,3545,11418,127.5,25,0
2025-11-05,2025-11-03,2025-11,Day,Returns,2942,2906,9416,139.9,109,0
2025-11-05,2025-11-03,2025-11,Night,Returns,1575,1545,5041,98.0,118,0
2025-11-06,2025-11-03,2025-11,Day,Inbound,2878,2846,9210,93.9,48,0
2025-11-06,2025-11-03,2025-11,Night,Inbound,3808,3779,12186,144.2,26,0
2025-11-06,2025-11-03,2025-11,Day,Pick,4039,3980,12925,130.4,35,0
2025-11-06,2025-11-03,2025-11,Night,Pick,4131,4088,13218,132.5,30,0
2025-11-06,2025-11-03,2025-11,Day,Pack,4438,4438,14201,108.3,27,0
2025-11-06,2025-11-03,2025-11,Night,Pack,4098,4098,13115,105.3,35,0
2025-11-06,2025-11-03,2025-11,Day,Ship,4559,4539,14590,133.0,39,0
2025-11-06,2025-11-03,2025-11,Night,Ship,3099,3095,9917,97.8,15,0
2025-11-06,2025-11-03,2025-11,Day,Returns,2982,2921,9544,137.4,107,0
2025-11-06,2025-11-03,2025-11,Night,Returns,1942,1893,6216,139.6,125,0
2025-11-07,2025-11-03,2025-11,Day,Inbound,3473,3451,11113,114.6,42,0
2025-11-07,2025-11-03,2025-11,Night,Inbound,3078,3061,9849,115.9,23,0
2025-11-07,2025-11-03,2025-11,Day,Pick,4552,4522,14568,117.7,61,0
2025-11-07,2025-11-03,2025-11,Night,Pick,4707,4683,15061,137.6,42,0
2025-11-07,2025-11-03,2025-11,Day,Pack,6765,6745,21649,164.6,37,0
2025-11-07,2025-11-03,2025-11,Night,Pack,6678,6629,21370,178.9,25,0
2025-11-07,2025-11-03,2025-11,Day,Ship,4235,4215,13553,111.6,24,0
2025-11-07,2025-11-03,2025-11,Night,Ship,4658,4584,14906,132.8,30,0
2025-11-07,2025-11-03,2025-11,Day,Returns,3286,3233,10515,132.4,115,0
2025-11-07,2025-11-03,2025-11,Night,Returns,2231,2183,7139,140.5,63,0
2025-11-08,2025-11-03,2025-11,Day,Inbound,3137,3117,10038,108.0,26,0
2025-11-08,2025-11-03,2025-11,Night,Inbound,2527,2507,8086,94.2,34,0
2025-11-08,2025-11-03,2025-11,Day,Pick,5744,5709,18381,136.9,59,0
2025-11-08,2025-11-03,2025-11,Night,Pick,3402,3367,10886,93.5,50,0
2025-11-08,2025-11-03,2025-11,Day,Pack,3335,3329,10671,80.0,25,0
2025-11-08,2025-11-03,2025-11,Night,Pack,5187,5150,16598,136.6,34,0
2025-11-08,2025-11-03,2025-11,Day,Ship,3854,3814,12333,103.0,32,0
2025-11-08,2025-11-03,2025-11,Night,Ship,3337,3309,10679,108.9,29,0
2025-11-08,2025-11-03,2025-11,Day,Returns,2516,2474,8050,105.5,66,0
2025-11-08,2025-11-03,2025-11,Night,Returns,2489,2435,7965,149.4,157,0
2025-11-09,2025-11-03,2025-11,Day,Inbound,4121,4081,13188,149.5,37,0
2025-11-09,2025-11-03,2025-11,Night,Inbound,2839,2823,9086,92.8,42,0
2025-11-09,2025-11-03,2025-11,Day,Pick,4278,4224,13688,117.4,42,0
2025-11-09,2025-11-03,2025-11,Night,Pick,3745,3725,11983,109.3,28,0
2025-11-09,2025-11-03,2025-11,Day,Pack,4953,4916,15850,113.8,47,0
2025-11-09,2025-11-03,2025-11,Night,Pack,5454,5427,17453,130.2,50,0
2025-11-09,2025-11-03,2025-11,Day,Ship,3816,3779,12210,119.3,27,0
2025-11-09,2025-11-03,2025-11,Night,Ship,3968,3935,12697,145.3,28,0
2025-11-09,2025-11-03,2025-11,Day,Returns,1854,1825,5933,78.7,50,0
2025-11-09,2025-11-03,2025-11,Night,Returns,2530,2492,8096,140.6,90,0
2025-11-10,2025-11-10,2025-11,Day,Inbound,5062,5051,16197,169.4,47,0
2025-11-10,2025-11-10,2025-11,Night,Inbound,2342,2323,7494,95.8,35,0
2025-11-10,2025-11-10,2025-11,Day,Pick,6164,6118,19726,176.4,61,0
2025-11-10,2025-11-10,2025-11,Night,Pick,5979,5927,19133,172.0,59,0
2025-11-10,2025-11-10,2025-11,Day,Pack,4379,4356,14013,102.1,55,0
2025-11-10,2025-11-10,2025-11,Night,Pack,3780,3751,12097,107.8,7,0
2025-11-10,2025-11-10,2025-11,Day,Ship,6608,6571,21145,177.3,72,0
2025-11-10,2025-11-10,2025-11,Night,Ship,4764,4754,15245,147.7,45,0
2025-11-10,2025-11-10,2025-11,Day,Returns,2311,2268,7395,105.5,87,0
2025-11-10,2025-11-10,2025-11,Night,Returns,1472,1444,4711,99.5,41,0
2025-11-11,2025-11-10,2025-11,Day,Inbound,3056,3036,9780,104.5,32,0
2025-11-11,2025-11-10,2025-11,Night,Inbound,3034,3017,9709,108.4,55,0
2025-11-11,2025-11-10,2025-11,Day,Pick,4982,4941,15941,132.0,55,0
2025-11-11,2025-11-10,2025-11,Night,Pick,5591,5538,17891,162.2,39,0
2025-11-11,2025-11-10,2025-11,Day,Pack,4922,4881,15750,97.9,44,0
2025-11-11,2025-11-10,2025-11,Night,Pack,4307,4297,13783,110.1,36,0
2025-11-11,2025-11-10,2025-11,Day,Ship,5336,5295,17074,137.0,54,0
2025-11-11,2025-11-10,2025-11,Night,Ship,5312,5277,16998,164.3,70,0
2025-11-11,2025-11-10,2025-11,Day,Returns,2322,2278,7429,118.3,77,0
2025-11-11,2025-11-10,2025-11,Night,Returns,2862,2809,9157,176.3,104,0
2025-11-12,2025-11-10,2025-11,Day,Inbound,3944,3917,12621,141.5,26,0
2025-11-12,2025-11-10,2025-11,Night,Inbound,3657,3609,11701,134.0,24,0
2025-11-12,2025-11-10,2025-11,Day,Pick,5882,5844,18821,142.7,75,0
2025-11-12,2025-11-10,2025-11,Night,Pick,4366,4334,13971,135.9,22,0
2025-11-12,2025-11-10,2025-11,Day,Pack,7107,7096,22742,163.1,53,0
2025-11-12,2025-11-10,2025-11,Night,Pack,5498,5495,17592,154.0,44,0
2025-11-12,2025-11-10,2025-11,Day,Ship,4538,4509,14523,121.4,31,0
2025-11-12,2025-11-10,2025-11,Night,Ship,3367,3363,10774,101.9,30,0
2025-11-12,2025-11-10,2025-11,Day,Returns,2029,2001,6494,95.6,57,0
2025-11-12,2025-11-10,2025-11,Night,Returns,2500,2460,8001,177.2,107,0
2025-11-13,2025-11-10,2025-11,Day,Inbound,4721,4629,15106,179.0,49,0
2025-11-13,2025-11-10,2025-11,Night,Inbound,4342,4330,13895,168.1,54,0
2025-11-13,2025-11-10,2025-11,Day,Pick,6831,6796,21859,170.3,66,0
2025-11-13,2025-11-10,2025-11,Night,Pick,5013,4969,16043,149.7,63,0
2025-11-13,2025-11-10,2025-11,Day,Pack,4889,4858,15646,106.5,35,0
2025-11-13,2025-11-10,2025-11,Night,Pack,6785,6785,21712,163.7,51,0
2025-11-13,2025-11-10,2025-11,Day,Ship,3350,3317,10721,111.0,13,0
2025-11-13,2025-11-10,2025-11,Night,Ship,4974,4924,15916,164.8,60,0
2025-11-13,2025-11-10,2025-11,Day,Returns,2435,2385,7791,114.3,74,0
2025-11-13,2025-11-10,2025-11,Night,Returns,2403,2360,7691,175.2,71,0
2025-11-14,2025-11-10,2025-11,Day,Inbound,3037,3005,9717,103.0,33,0
2025-11-14,2025-11-10,2025-11,Night,Inbound,3842,3799,12294,141.9,34,0
2025-11-14,2025-11-10,2025-11,Day,Pick,6308,6296,20187,159.1,66,0
2025-11-14,2025-11-10,2025-11,Night,Pick,5331,5326,17060,165.5,47,0
2025-11-14,2025-11-10,2025-11,Day,Pack,6749,6720,21598,147.7,45,0
2025-11-14,2025-11-10,2025-11,Night,Pack,5078,5078,16250,135.5,24,0
2025-11-14,2025-11-10,2025-11,Day,Ship,5001,4967,16002,138.7,41,0
2025-11-14,2025-11-10,2025-11,Night,Ship,2773,2750,8875,103.3,15,0
2025-11-14,2025-11-10,2025-11,Day,Returns,2509,2458,8029,115.9,77,0
2025-11-14,2025-11-10,2025-11,Night,Returns,1605,1577,5135,91.2,58,0
2025-11-15,2025-11-10,2025-11,Day,Inbound,2848,2823,9113,107.5,21,0
2025-11-15,2025-11-10,2025-11,Night,Inbound,3798,3760,12155,151.6,43,0
2025-11-15,2025-11-10,2025-11,Day,Pick,3325,3303,10640,90.4,35,0
2025-11-15,2025-11-10,2025-11,Night,Pick,4629,4582,14812,128.4,61,0
2025-11-15,2025-11-10,2025-11,Day,Pack,4670,4655,14943,112.7,51,0
2025-11-15,2025-11-10,2025-11,Night,Pack,4394,4394,14061,109.5,31,0
2025-11-15,2025-11-10,2025-11,Day,Ship,4854,4822,15533,140.2,56,0
2025-11-15,2025-11-10,2025-11,Night,Ship,2694,2678,8621,84.8,15,0
2025-11-15,2025-11-10,2025-11,Day,Returns,2348,2301,7515,110.5,39,0
2025-11-15,2025-11-10,2025-11,Night,Returns,2238,2196,7162,129.5,119,0
2025-11-16,2025-11-10,2025-11,Day,Inbound,3032,3010,9701,100.7,40,0
2025-11-16,2025-11-10,2025-11,Night,Inbound,2947,2908,9430,117.9,31,0
2025-11-16,2025-11-10,2025-11,Day,Pick,3752,3693,12008,88.2,34,0
2025-11-16,2025-11-10,2025-11,Night,Pick,3586,3547,11474,92.9,35,0
2025-11-16,2025-11-10,2025-11,Day,Pack,6055,6011,19377,130.5,59,0
2025-11-16,2025-11-10,2025-11,Night,Pack,2832,2828,9062,76.7,21,0
2025-11-16,2025-11-10,2025-11,Day,Ship,4020,3987,12865,117.6,35,0
2025-11-16,2025-11-10,2025-11,Night,Ship,2208,2179,7066,79.6,21,0
2025-11-16,2025-11-10,2025-11,Day,Returns,2544,2504,8141,105.1,56,0
2025-11-16,2025-11-10,2025-11,Night,Returns,1283,1255,4107,88.7,34,0
2025-11-17,2025-11-17,2025-11,Day,Inbound,2936,2895,9394,102.8,39,0
2025-11-17,2025-11-17,2025-11,Night,Inbound,3402,3358,10885,123.3,25,0
2025-11-17,2025-11-17,2025-11,Day,Pick,5209,5184,16669,137.7,47,0
2025-11-17,2025-11-17,2025-11,Night,Pick,3966,3937,12691,110.1,26,0
2025-11-17,2025-11-17,2025-11,Day,Pack,5510,5509,17632,121.5,21,0
2025-11-17,2025-11-17,2025-11,Night,Pack,4034,4029,12910,98.8,32,0
2025-11-17,2025-11-17,2025-11,Day,Ship,3191,3150,10211,103.5,26,0
2025-11-17,2025-11-17,2025-11,Night,Ship,4582,4576,14661,170.9,30,0
2025-11-17,2025-11-17,2025-11,Day,Returns,2890,2812,9249,128.2,71,0
2025-11-17,2025-11-17,2025-11,Night,Returns,1817,1794,5815,122.8,101,0
2025-11-18,2025-11-17,2025-11,Day,Inbound,4724,4701,15116,135.9,58,0
2025-11-18,2025-11-17,2025-11,Night,Inbound,3952,3918,12648,136.4,31,0
2025-11-18,2025-11-17,2025-11,Day,Pick,4103,4083,13130,117.5,37,0
2025-11-18,2025-11-17,2025-11,Night,Pick,3075,3053,9839,98.9,36,0
2025-11-18,2025-11-17,2025-11,Day,Pack,5849,5849,18716,127.6,65,0
2025-11-18,2025-11-17,2025-11,Night,Pack,6272,6185,20072,164.8,53,0
2025-11-18,2025-11-17,2025-11,Day,Ship,5447,5437,17429,152.5,45,0
2025-11-18,2025-11-17,2025-11,Night,Ship,5157,5132,16502,163.1,57,0
2025-11-18,2025-11-17,2025-11,Day,Returns,2792,2724,8935,126.6,94,0
2025-11-18,2025-11-17,2025-11,Night,Returns,1668,1636,5336,105.4,64,0
2025-11-19,2025-11-17,2025-11,Day,Inbound,4510,4469,14432,156.4,50,0
2025-11-19,2025-11-17,2025-11,Night,Inbound,3817,3774,12213,142.3,81,0
2025-11-19,2025-11-17,2025-11,Day,Pick,5625,5602,18000,162.8,56,0
2025-11-19,2025-11-17,2025-11,Night,Pick,4073,4021,13033,142.5,50,0
2025-11-19,2025-11-17,2025-11,Day,Pack,7324,7318,23437,168.6,58,0
2025-11-19,2025-11-17,2025-11,Night,Pack,5622,5622,17991,149.4,61,0
2025-11-19,2025-11-17,2025-11,Day,Ship,3832,3797,12263,107.9,33,0
2025-11-19,2025-11-17,2025-11,Night,Ship,4630,4574,14817,133.3,45,0
2025-11-19,2025-11-17,2025-11,Day,Returns,2853,2808,9131,129.3,89,0
2025-11-19,2025-11-17,2025-11,Night,Returns,1572,1545,5029,100.9,46,0
2025-11-20,2025-11-17,2025-11,Day,Inbound,4667,4667,14935,151.9,53,0
2025-11-20,2025-11-17,2025-11,Night,Inbound,4073,4018,13034,144.3,66,0
2025-11-20,2025-11-17,2025-11,Day,Pick,3911,3881,12515,106.2,32,0
2025-11-20,2025-11-17,2025-11,Night,Pick,5235,5235,16751,161.3,52,0
2025-11-20,2025-11-17,2025-11,Day,Pack,5324,5312,17038,148.4,46,0
2025-11-20,2025-11-17,2025-11,Night,Pack,5246,5236,16787,122.2,43,0
2025-11-20,2025-11-17,2025-11,Day,Ship,4659,4625,14909,133.1,26,0
2025-11-20,2025-11-17,2025-11,Night,Ship,4578,4555,14651,147.2,37,0
2025-11-20,2025-11-17,2025-11,Day,Returns,3223,3170,10315,146.1,61,0
2025-11-20,2025-11-17,2025-11,Night,Returns,1901,1877,6082,101.7,55,0
2025-11-21,2025-11-17,2025-11,Day,Inbound,4436,4379,14195,142.5,43,0
2025-11-21,2025-11-17,2025-11,Night,Inbound,4230,4217,13535,156.8,30,0
2025-11-21,2025-11-17,2025-11,Day,Pick,5129,5083,16412,122.2,47,0
2025-11-21,2025-11-17,2025-11,Night,Pick,4026,4003,12883,117.5,40,0
2025-11-21,2025-11-17,2025-11,Day,Pack,7589,7589,24286,177.5,48,0
2025-11-21,2025-11-17,2025-11,Night,Pack,5911,5889,18914,152.5,63,0
2025-11-21,2025-11-17,2025-11,Day,Ship,4638,4614,14841,143.1,35,0
2025-11-21,2025-11-17,2025-11,Night,Ship,4370,4337,13985,136.0,41,0
2025-11-21,2025-11-17,2025-11,Day,Returns,3037,2994,9719,142.9,78,0
2025-11-21,2025-11-17,2025-11,Night,Returns,2697,2650,8630,149.1,138,0
2025-11-22,2025-11-17,2025-11,Day,Inbound,2659,2626,8509,77.9,19,0
2025-11-22,2025-11-17,2025-11,Night,Inbound,3671,3615,11748,124.7,36,0
2025-11-22,2025-11-17,2025-11,Day,Pick,4372,4353,13991,103.4,54,0
2025-11-22,2025-11-17,2025-11,Night,Pick,3758,3750,12027,114.9,25,0
2025-11-22,2025-11-17,2025-11,Day,Pack,5780,5774,18495,132.8,30,0
2025-11-22,2025-11-17,2025-11,Night,Pack,5117,5097,16375,133.4,42,0
2025-11-22,2025-11-17,2025-11,Day,Ship,4192,4153,13414,116.3,29,0
2025-11-22,2025-11-17,2025-11,Night,Ship,2598,2585,8314,89.2,27,0
2025-11-22,2025-11-17,2025-11,Day,Returns,2647,2599,8471,124.7,75,0
2025-11-22,2025-11-17,2025-11,Night,Returns,2082,2039,6663,129.6,80,0
2025-11-23,2025-11-17,2025-11,Day,Inbound,2781,2778,8898,85.0,20,0
2025-11-23,2025-11-17,2025-11,Night,Inbound,2566,2542,8210,91.1,28,0
2025-11-23,2025-11-17,2025-11,Day,Pick,4329,4329,13854,120.1,50,0
2025-11-23,2025-11-17,2025-11,Night,Pick,3995,3962,12783,117.2,36,0
2025-11-23,2025-11-17,2025-11,Day,Pack,4360,4357,13951,113.3,30,0
2025-11-23,2025-11-17,2025-11,Night,Pack,3995,3988,12784,102.8,32,0
2025-11-23,2025-11-17,2025-11,Day,Ship,4109,4057,13148,114.9,26,0
2025-11-23,2025-11-17,2025-11,Night,Ship,2863,2843,9162,102.6,26,0
2025-11-23,2025-11-17,2025-11,Day,Returns,3070,3006,9825,142.5,73,0
2025-11-23,2025-11-17,2025-11,Night,Returns,2472,2429,7910,149.3,143,0
2025-11-24,2025-11-24,2025-11,Day,Inbound,4516,4462,14452,174.4,55,0
2025-11-24,2025-11-24,2025-11,Night,Inbound,3521,3480,11268,126.8,56,0
2025-11-24,2025-11-24,2025-11,Day,Pick,4760,4731,15232,135.5,38,0
2025-11-24,2025-11-24,2025-11,Night,Pick,5350,5306,17120,144.5,55,0
2025-11-24,2025-11-24,2025-11,Day,Pack,4460,4434,14272,96.3,31,0
2025-11-24,2025-11-24,2025-11,Night,Pack,3964,3940,12684,93.9,34,0
2025-11-24,2025-11-24,2025-11,Day,Ship,4840,4765,15488,150.4,65,0
2025-11-24,2025-11-24,2025-11,Night,Ship,3695,3666,11825,111.0,36,0
2025-11-24,2025-11-24,2025-11,Day,Returns,2233,2184,7147,95.2,38,0
2025-11-24,2025-11-24,2025-11,Night,Returns,2282,2245,7303,175.7,112,0
2025-11-25,2025-11-24,2025-11,Day,Inbound,3280,3235,10495,124.9,36,0
2025-11-25,2025-11-24,2025-11,Night,Inbound,4984,4949,15950,170.5,60,0
2025-11-25,2025-11-24,2025-11,Day,Pick,5444,5444,17420,146.5,29,0
2025-11-25,2025-11-24,2025-11,Night,Pick,3923,3900,12554,117.2,34,0
2025-11-25,2025-11-24,2025-11,Day,Pack,8068,8023,25818,162.6,94,0
2025-11-25,2025-11-24,2025-11,Night,Pack,7273,7253,23273,176.6,78,0
2025-11-25,2025-11-24,2025-11,Day,Ship,5540,5460,17728,163.6,41,0
2025-11-25,2025-11-24,2025-11,Night,Ship,4858,4841,15546,151.2,40,0
2025-11-25,2025-11-24,2025-11,Day,Returns,3335,3258,10673,156.8,132,0
2025-11-25,2025-11-24,2025-11,Night,Returns,2103,2062,6729,143.0,99,0
2025-11-26,2025-11-24,2025-11,Day,Inbound,2756,2743,8819,92.9,30,0
2025-11-26,2025-11-24,2025-11,Night,Inbound,4300,4246,13759,152.1,28,0
2025-11-26,2025-11-24,2025-11,Day,Pick,4963,4928,15882,147.3,78,0
2025-11-26,2025-11-24,2025-11,Night,Pick,3977,3968,12726,117.8,16,0
2025-11-26,2025-11-24,2025-11,Day,Pack,6879,6837,22013,156.9,53,0
2025-11-26,2025-11-24,2025-11,Night,Pack,7171,7133,22948,175.4,48,0
2025-11-26,2025-11-24,2025-11,Day,Ship,3486,3454,11155,110.7,38,0
2025-11-26,2025-11-24,2025-11,Night,Ship,4840,4812,15488,164.3,34,0
2025-11-26,2025-11-24,2025-11,Day,Returns,3205,3135,10255,149.7,60,0
2025-11-26,2025-11-24,2025-11,Night,Returns,2129,2089,6814,119.4,129,0
2025-11-27,2025-11-24,2025-11,Day,Inbound,4856,4825,15539,176.9,54,0
2025-11-27,2025-11-24,2025-11,Night,Inbound,4499,4451,14398,172.8,43,0
2025-11-27,2025-11-24,2025-11,Day,Pick,6685,6642,21392,159.2,49,0
2025-11-27,2025-11-24,2025-11,Night,Pick,4181,4181,13380,112.4,25,0
2025-11-27,2025-11-24,2025-11,Day,Pack,5033,5011,16105,108.1,39,0
2025-11-27,2025-11-24,2025-11,Night,Pack,4221,4198,13507,107.0,40,0
2025-11-27,2025-11-24,2025-11,Day,Ship,6052,6007,19367,155.5,35,0
2025-11-27,2025-11-24,2025-11,Night,Ship,4902,4867,15687,153.2,55,0
2025-11-27,2025-11-24,2025-11,Day,Returns,1995,1945,6383,90.0,55,0
2025-11-27,2025-11-24,2025-11,Night,Returns,2224,2185,7118,146.8,56,0
2025-11-28,2025-11-24,2025-11,Day,Inbound,3105,3078,9937,99.2,47,0
2025-11-28,2025-11-24,2025-11,Night,Inbound,2557,2533,8181,97.8,34,0
2025-11-28,2025-11-24,2025-11,Day,Pick,4750,4715,15199,146.3,52,0
2025-11-28,2025-11-24,2025-11,Night,Pick,5110,5026,16353,140.6,49,0
2025-11-28,2025-11-24,2025-11,Day,Pack,8528,8445,27290,170.4,65,0
2025-11-28,2025-11-24,2025-11,Night,Pack,4023,4006,12873,108.5,26,0
2025-11-28,2025-11-24,2025-11,Day,Ship,4275,4274,13680,130.5,35,0
2025-11-28,2025-11-24,2025-11,Night,Ship,4382,4331,14023,143.1,35,0
2025-11-28,2025-11-24,2025-11,Day,Returns,2313,2268,7402,99.4,58,0
2025-11-28,2025-11-24,2025-11,Night,Returns,2701,2650,8642,154.0,70,0
2025-11-29,2025-11-24,2025-11,Day,Inbound,3912,3890,12518,142.2,56,0
2025-11-29,2025-11-24,2025-11,Night,Inbound,3674,3643,11757,138.2,37,0
2025-11-29,2025-11-24,2025-11,Day,Pick,5978,5978,19130,151.9,59,0
2025-11-29,2025-11-24,2025-11,Night,Pick,4184,4164,13389,121.3,37,0
2025-11-29,2025-11-24,2025-11,Day,Pack,6131,6089,19619,145.7,49,0
2025-11-29,2025-11-24,2025-11,Night,Pack,5011,4972,16034,129.9,43,0
2025-11-29,2025-11-24,2025-11,Day,Ship,3321,3306,10626,113.1,18,0
2025-11-29,2025-11-24,2025-11,Night,Ship,2537,2508,8119,97.0,20,0
2025-11-29,2025-11-24,2025-11,Day,Returns,1916,1884,6130,89.9,59,0
2025-11-29,2025-11-24,2025-11,Night,Returns,1869,1829,5980,131.6,102,0
2025-11-30,2025-11-24,2025-11,Day,Inbound,4140,4104,13248,137.4,36,0
2025-11-30,2025-11-24,2025-11,Night,Inbound,3462,3424,11079,121.4,31,0
2025-11-30,2025-11-24,2025-11,Day,Pick,3505,3478,11217,102.5,29,0
2025-11-30,2025-11-24,2025-11,Night,Pick,4990,4934,15969,134.2,55,0
2025-11-30,2025-11-24,2025-11,Day,Pack,6827,6827,21847,145.2,75,0
2025-11-30,2025-11-24,2025-11,Night,Pack,4152,4121,13288,116.5,34,0
2025-11-30,2025-11-24,2025-11,Day,Ship,4341,4334,13891,129.1,37,0
2025-11-30,2025-11-24,2025-11,Night,Ship,2157,2148,6901,82.7,21,0
2025-11-30,2025-11-24,2025-11,Day,Returns,3145,3094,10065,144.2,105,0
2025-11-30,2025-11-24,2025-11,Night,Returns,2276,2237,7284,144.5,165,0
2025-12-01,2025-12-01,2025-12,Day,Inbound,3091,3090,9891,107.7,45,0
2025-12-01,2025-12-01,2025-12,Night,Inbound,3993,3983,12778,153.3,53,0
2025-12-01,2025-12-01,2025-12,Day,Pick,5138,5103,16440,142.8,39,0
2025-12-01,2025-12-01,2025-12,Night,Pick,5835,5827,18671,164.6,86,0
2025-12-01,2025-12-01,2025-12,Day,Pack,5727,5694,18327,148.1,54,0
2025-12-01,2025-12-01,2025-12,Night,Pack,3590,3584,11488,99.2,37,0
2025-12-01,2025-12-01,2025-12,Day,Ship,3931,3905,12579,111.0,39,0
2025-12-01,2025-12-01,2025-12,Night,Ship,3480,3475,11136,123.1,36,0
2025-12-01,2025-12-01,2025-12,Day,Returns,2438,2376,7801,115.0,60,0
2025-12-01,2025-12-01,2025-12,Night,Returns,2743,2686,8779,146.2,142,0
2025-12-02,2025-12-01,2025-12,Day,Inbound,4929,4904,15772,178.7,27,0
2025-12-02,2025-12-01,2025-12,Night,Inbound,4513,4468,14443,178.2,46,0
2025-12-02,2025-12-01,2025-12,Day,Pick,4329,4329,13854,122.3,44,0
2025-12-02,2025-12-01,2025-12,Night,Pick,3687,3667,11798,105.1,39,0
2025-12-02,2025-12-01,2025-12,Day,Pack,4090,4053,13087,91.0,40,0
2025-12-02,2025-12-01,2025-12,Night,Pack,4328,4328,13851,117.0,34,0
2025-12-02,2025-12-01,2025-12,Day,Ship,5544,5504,17740,176.6,44,0
2025-12-02,2025-12-01,2025-12,Night,Ship,4592,4529,14695,156.7,33,0
2025-12-02,2025-12-01,2025-12,Day,Returns,2759,2730,8828,130.1,95,0
2025-12-02,2025-12-01,2025-12,Night,Returns,2972,2912,9512,177.0,138,0
2025-12-03,2025-12-01,2025-12,Day,Inbound,4218,4188,13496,142.4,67,0
2025-12-03,2025-12-01,2025-12,Night,Inbound,4714,4660,15085,165.2,39,0
2025-12-03,2025-12-01,2025-12,Day,Pick,4453,4422,14250,117.0,32,0
2025-12-03,2025-12-01,2025-12,Night,Pick,5623,5563,17993,174.2,81,0
2025-12-03,2025-12-01,2025-12,Day,Pack,4494,4468,14381,100.3,38,0
2025-12-03,2025-12-01,2025-12,Night,Pack,3106,3102,9940,90.8,24,0
2025-12-03,2025-12-01,2025-12,Day,Ship,3574,3533,11438,94.3,40,0
2025-12-03,2025-12-01,2025-12,Night,Ship,3875,3839,12401,111.4,25,0
2025-12-03,2025-12-01,2025-12,Day,Returns,2765,2703,8847,125.1,65,0
2025-12-03,2025-12-01,2025-12,Night,Returns,2303,2261,7369,138.9,84,0
2025-12-04,2025-12-01,2025-12,Day,Inbound,4395,4370,14063,143.3,38,0
2025-12-04,2025-12-01,2025-12,Night,Inbound,4756,4704,15220,172.3,70,0
2025-12-04,2025-12-01,2025-12,Day,Pick,4021,4021,12866,113.5,14,0
2025-12-04,2025-12-01,2025-12,Night,Pick,3035,3019,9711,95.5,28,0
2025-12-04,2025-12-01,2025-12,Day,Pack,6602,6545,21127,130.1,52,0
2025-12-04,2025-12-01,2025-12,Night,Pack,4866,4827,15570,127.7,22,0
2025-12-04,2025-12-01,2025-12,Day,Ship,4134,4082,13230,125.0,38,0
2025-12-04,2025-12-01,2025-12,Night,Ship,3395,3372,10863,106.8,37,0
2025-12-04,2025-12-01,2025-12,Day,Returns,2101,2066,6722,93.0,50,0
2025-12-04,2025-12-01,2025-12,Night,Returns,1536,1513,4916,97.2,80,0
2025-12-05,2025-12-01,2025-12,Day,Inbound,2631,2596,8419,95.0,41,0
2025-12-05,2025-12-01,2025-12,Night,Inbound,3973,3936,12715,168.6,43,0
2025-12-05,2025-12-01,2025-12,Day,Pick,5489,5455,17564,150.1,49,0
2025-12-05,2025-12-01,2025-12,Night,Pick,4928,4912,15768,147.2,49,0
2025-12-05,2025-12-01,2025-12,Day,Pack,7927,7902,25366,170.5,44,0
2025-12-05,2025-12-01,2025-12,Night,Pack,4493,4493,14378,106.0,31,0
2025-12-05,2025-12-01,2025-12,Day,Ship,5676,5642,18162,157.8,46,0
2025-12-05,2025-12-01,2025-12,Night,Ship,5990,5978,19167,171.0,59,0
2025-12-05,2025-12-01,2025-12,Day,Returns,3466,3406,11091,164.5,67,0
2025-12-05,2025-12-01,2025-12,Night,Returns,1901,1880,6083,120.1,63,0
2025-12-06,2025-12-01,2025-12,Day,Inbound,3374,3344,10798,116.7,39,0
2025-12-06,2025-12-01,2025-12,Night,Inbound,2307,2293,7382,89.2,18,0
2025-12-06,2025-12-01,2025-12,Day,Pick,4317,4291,13814,117.9,48,0
2025-12-06,2025-12-01,2025-12,Night,Pick,3233,3217,10345,94.4,43,0
2025-12-06,2025-12-01,2025-12,Day,Pack,5364,5364,17165,125.1,28,0
2025-12-06,2025-12-01,2025-12,Night,Pack,5576,5526,17843,125.1,52,0
2025-12-06,2025-12-01,2025-12,Day,Ship,4767,4728,15255,143.2,35,0
2025-12-06,2025-12-01,2025-12,Night,Ship,3976,3946,12724,128.7,34,0
2025-12-06,2025-12-01,2025-12,Day,Returns,2445,2392,7824,118.1,60,0
2025-12-06,2025-12-01,2025-12,Night,Returns,2033,1993,6507,128.4,91,0
2025-12-07,2025-12-01,2025-12,Day,Inbound,4014,4007,12844,142.6,55,0
2025-12-07,2025-12-01,2025-12,Night,Inbound,3012,2990,9640,107.4,40,0
2025-12-07,2025-12-01,2025-12,Day,Pick,2672,2671,8549,76.7,35,0
2025-12-07,2025-12-01,2025-12,Night,Pick,2700,2676,8640,78.3,14,0
2025-12-07,2025-12-01,2025-12,Day,Pack,3730,3700,11935,90.8,22,0
2025-12-07,2025-12-01,2025-12,Night,Pack,4945,4905,15825,136.9,46,0
2025-12-07,2025-12-01,2025-12,Day,Ship,2552,2537,8167,76.3,22,0
2025-12-07,2025-12-01,2025-12,Night,Ship,3900,3882,12479,126.3,34,0
2025-12-07,2025-12-01,2025-12,Day,Returns,3064,3025,9805,129.4,84,0
2025-12-07,2025-12-01,2025-12,Night,Returns,1655,1633,5295,109.6,68,0
2025-12-08,2025-12-08,2025-12,Day,Inbound,3371,3344,10786,110.6,35,0
2025-12-08,2025-12-08,2025-12,Night,Inbound,4294,4257,13741,153.7,48,0
2025-12-08,2025-12-08,2025-12,Day,Pick,5251,5219,16803,144.3,49,1
2025-12-08,2025-12-08,2025-12,Night,Pick,5032,4998,16104,171.8,51,0
2025-12-08,2025-12-08,2025-12,Day,Pack,4786,4781,15316,111.5,49,0
2025-12-08,2025-12-08,2025-12,Night,Pack,3985,3950,12753,99.5,28,0
2025-12-08,2025-12-08,2025-12,Day,Ship,4795,4775,15345,125.1,16,0
2025-12-08,2025-12-08,2025-12,Night,Ship,5434,5400,17388,156.9,35,0
2025-12-08,2025-12-08,2025-12,Day,Returns,2053,2010,6570,99.5,72,0
2025-12-08,2025-12-08,2025-12,Night,Returns,2535,2496,8113,172.4,93,0
2025-12-09,2025-12-08,2025-12,Day,Inbound,3477,3448,11125,115.9,34,0
2025-12-09,2025-12-08,2025-12,Night,Inbound,3749,3700,11997,130.3,26,0
2025-12-09,2025-12-08,2025-12,Day,Pick,2797,2791,8951,95.0,24,0
2025-12-09,2025-12-08,2025-12,Night,Pick,3777,3752,12087,112.3,23,0
2025-12-09,2025-12-08,2025-12,Day,Pack,4821,4805,15427,107.0,45,0
2025-12-09,2025-12-08,2025-12,Night,Pack,5751,5706,18404,170.2,27,0
2025-12-09,2025-12-08,2025-12,Day,Ship,5391,5319,17252,174.6,39,0
2025-12-09,2025-12-08,2025-12,Night,Ship,3001,3000,9602,99.5,34,0
2025-12-09,2025-12-08,2025-12,Day,Returns,2484,2445,7948,106.7,79,0
2025-12-09,2025-12-08,2025-12,Night,Returns,2573,2530,8233,160.2,151,0
2025-12-10,2025-12-08,2025-12,Day,Inbound,4856,4838,15540,161.4,54,0
2025-12-10,2025-12-08,2025-12,Night,Inbound,3467,3443,11093,125.1,43,0
2025-12-10,2025-12-08,2025-12,Day,Pick,4620,4589,14783,113.6,46,0
2025-12-10,2025-12-08,2025-12,Night,Pick,4845,4818,15503,138.9,41,0
2025-12-10,2025-12-08,2025-12,Day,Pack,6515,6497,20849,166.7,34,0
2025-12-10,2025-12-08,2025-12,Night,Pack,5009,4987,16029,132.5,24,0
2025-12-10,2025-12-08,2025-12,Day,Ship,2912,2894,9318,92.6,15,0
2025-12-10,2025-12-08,2025-12,Night,Ship,4132,4093,13223,136.7,40,0
2025-12-10,2025-12-08,2025-12,Day,Returns,3364,3297,10765,141.6,110,0
2025-12-10,2025-12-08,2025-12,Night,Returns,2031,1997,6498,133.7,65,0
2025-12-11,2025-12-08,2025-12,Day,Inbound,5058,5003,16184,172.5,39,0
2025-12-11,2025-12-08,2025-12,Night,Inbound,3424,3396,10956,123.6,39,0
2025-12-11,2025-12-08,2025-12,Day,Pick,4887,4871,15639,133.0,49,0
2025-12-11,2025-12-08,2025-12,Night,Pick,3596,3584,11508,93.5,36,0
2025-12-11,2025-12-08,2025-12,Day,Pack,6952,6952,22246,154.5,48,0
2025-12-11,2025-12-08,2025-12,Night,Pack,3943,3943,12617,92.8,35,0
2025-12-11,2025-12-08,2025-12,Day,Ship,5328,5277,17048,143.5,37,0
2025-12-11,2025-12-08,2025-12,Night,Ship,5268,5220,16856,168.6,50,0
2025-12-11,2025-12-08,2025-12,Day,Returns,2672,2630,8551,132.1,99,0
2025-12-11,2025-12-08,2025-12,Night,Returns,1865,1821,5967,114.6,67,0
2025-12-12,2025-12-08,2025-12,Day,Inbound,4885,4831,15632,161.1,53,0
2025-12-12,2025-12-08,2025-12,Night,Inbound,4294,4283,13742,158.0,73,0
2025-12-12,2025-12-08,2025-12,Day,Pick,5959,5941,19070,145.2,61,0
2025-12-12,2025-12-08,2025-12,Night,Pick,4655,4649,14896,135.9,38,0
2025-12-12,2025-12-08,2025-12,Day,Pack,4039,4039,12925,100.9,49,0
2025-12-12,2025-12-08,2025-12,Night,Pack,6789,6735,21726,163.3,45,0
2025-12-12,2025-12-08,2025-12,Day,Ship,4544,4522,14542,131.7,39,0
2025-12-12,2025-12-08,2025-12,Night,Ship,3504,3491,11214,113.3,29,0
2025-12-12,2025-12-08,2025-12,Day,Returns,3079,3027,9853,136.9,112,0
2025-12-12,2025-12-08,2025-12,Night,Returns,1863,1824,5961,124.8,101,0
2025-12-13,2025-12-08,2025-12,Day,Inbound,3061,3042,9794,105.2,45,0
2025-12-13,2025-12-08,2025-12,Night,Inbound,2449,2428,7837,89.5,35,0
2025-12-13,2025-12-08,2025-12,Day,Pick,2938,2938,9400,90.8,34,0
2025-12-13,2025-12-08,2025-12,Night,Pick,3248,3224,10395,104.9,21,0
2025-12-13,2025-12-08,2025-12,Day,Pack,4712,4695,15080,109.1,41,0
2025-12-13,2025-12-08,2025-12,Night,Pack,5276,5272,16882,145.6,61,0
2025-12-13,2025-12-08,2025-12,Day,Ship,3537,3527,11318,115.9,26,0
2025-12-13,2025-12-08,2025-12,Night,Ship,2691,2683,8610,94.9,24,0
2025-12-13,2025-12-08,2025-12,Day,Returns,2111,2071,6756,104.4,66,0
2025-12-13,2025-12-08,2025-12,Night,Returns,1476,1453,4723,113.0,40,0
2025-12-14,2025-12-08,2025-12,Day,Inbound,4262,4247,13640,141.2,33,0
2025-12-14,2025-12-08,2025-12,Night,Inbound,4012,3969,12838,142.4,40,0
2025-12-14,2025-12-08,2025-12,Day,Pick,3043,3001,9739,84.4,24,0
2025-12-14,2025-12-08,2025-12,Night,Pick,4638,4620,14842,127.9,34,0
2025-12-14,2025-12-08,2025-12,Day,Pack,4903,4898,15690,102.1,46,0
2025-12-14,2025-12-08,2025-12,Night,Pack,4837,4783,15479,137.5,41,0
2025-12-14,2025-12-08,2025-12,Day,Ship,3360,3323,10751,102.4,26,0
2025-12-14,2025-12-08,2025-12,Night,Ship,4103,4094,13129,139.2,36,0
2025-12-14,2025-12-08,2025-12,Day,Returns,1858,1826,5944,79.7,52,0
2025-12-14,2025-12-08,2025-12,Night,Returns,1348,1324,4313,82.4,92,0
2025-12-15,2025-12-15,2025-12,Day,Inbound,4281,4224,13699,144.7,51,0
2025-12-15,2025-12-15,2025-12,Night,Inbound,3961,3931,12674,153.9,53,0
2025-12-15,2025-12-15,2025-12,Day,Pick,5786,5729,18515,159.9,80,0
2025-12-15,2025-12-15,2025-12,Night,Pick,3853,3817,12331,112.2,36,0
2025-12-15,2025-12-15,2025-12,Day,Pack,4911,4895,15716,112.4,43,0
2025-12-15,2025-12-15,2025-12,Night,Pack,4111,4096,13155,103.8,33,0
2025-12-15,2025-12-15,2025-12,Day,Ship,3354,3338,10732,98.0,26,0
2025-12-15,2025-12-15,2025-12,Night,Ship,4925,4856,15759,163.7,27,0
2025-12-15,2025-12-15,2025-12,Day,Returns,3472,3408,11112,169.3,128,0
2025-12-15,2025-12-15,2025-12,Night,Returns,2522,2497,8070,151.4,133,0
2025-12-16,2025-12-15,2025-12,Day,Inbound,4621,4612,14788,160.3,61,0
2025-12-16,2025-12-15,2025-12,Night,Inbound,3405,3366,10897,117.5,49,0
2025-12-16,2025-12-15,2025-12,Day,Pick,4338,4321,13883,117.4,40,0
2025-12-16,2025-12-15,2025-12,Night,Pick,2787,2782,8917,94.2,14,0
2025-12-16,2025-12-15,2025-12,Day,Pack,5010,4992,16032,109.5,36,0
2025-12-16,2025-12-15,2025-12,Night,Pack,4469,4451,14301,128.9,38,0
2025-12-16,2025-12-15,2025-12,Day,Ship,3032,3013,9704,91.7,23,0
2025-12-16,2025-12-15,2025-12,Night,Ship,4804,4751,15373,156.7,35,0
2025-12-16,2025-12-15,2025-12,Day,Returns,3358,3316,10744,157.8,107,0
2025-12-16,2025-12-15,2025-12,Night,Returns,2046,2005,6547,121.9,86,0
2025-12-17,2025-12-15,2025-12,Day,Inbound,3142,3116,10054,98.0,47,0
2025-12-17,2025-12-15,2025-12,Night,Inbound,2689,2661,8606,114.6,41,0
2025-12-17,2025-12-15,2025-12,Day,Pick,3437,3403,10997,93.1,47,0
2025-12-17,2025-12-15,2025-12,Night,Pick,3974,3943,12717,131.2,45,0
2025-12-17,2025-12-15,2025-12,Day,Pack,4522,4504,14469,91.9,50,0
2025-12-17,2025-12-15,2025-12,Night,Pack,3776,3767,12082,95.5,24,0
2025-12-17,2025-12-15,2025-12,Day,Ship,5048,5019,16154,155.6,23,0
2025-12-17,2025-12-15,2025-12,Night,Ship,4872,4800,15592,160.1,56,0
2025-12-17,2025-12-15,2025-12,Day,Returns,2644,2583,8462,130.3,92,0
2025-12-17,2025-12-15,2025-12,Night,Returns,1875,1851,6001,112.7,77,0
2025-12-18,2025-12-15,2025-12,Day,Inbound,3361,3340,10755,104.0,40,0
2025-12-18,2025-12-15,2025-12,Night,Inbound,3352,3325,10727,122.8,28,0
2025-12-18,2025-12-15,2025-12,Day,Pick,3993,3957,12779,105.2,45,0
2025-12-18,2025-12-15,2025-12,Night,Pick,3398,3398,10874,124.5,47,0
2025-12-18,2025-12-15,2025-12,Day,Pack,4924,4894,15757,128.8,36,0
2025-12-18,2025-12-15,2025-12,Night,Pack,6250,6208,19999,150.5,25,0
2025-12-18,2025-12-15,2025-12,Day,Ship,4418,4379,14138,134.3,40,0
2025-12-18,2025-12-15,2025-12,Night,Ship,4082,4042,13062,125.4,39,0
2025-12-18,2025-12-15,2025-12,Day,Returns,3802,3729,12167,147.4,42,0
2025-12-18,2025-12-15,2025-12,Night,Returns,2939,2864,9405,173.8,161,0
2025-12-19,2025-12-15,2025-12,Day,Inbound,4878,4829,15610,168.5,64,0
2025-12-19,2025-12-15,2025-12,Night,Inbound,2752,2724,8806,111.9,38,0
2025-12-19,2025-12-15,2025-12,Day,Pick,4980,4952,15936,119.8,65,0
2025-12-19,2025-12-15,2025-12,Night,Pick,5772,5704,18472,169.7,33,0
2025-12-19,2025-12-15,2025-12,Day,Pack,5390,5390,17247,155.8,29,0
2025-12-19,2025-12-15,2025-12,Night,Pack,7185,7158,22992,174.5,56,0
2025-12-19,2025-12-15,2025-12,Day,Ship,4323,4306,13833,138.1,46,0
2025-12-19,2025-12-15,2025-12,Night,Ship,4083,4068,13067,122.5,43,0
2025-12-19,2025-12-15,2025-12,Day,Returns,3792,3735,12135,177.6,82,0
2025-12-19,2025-12-15,2025-12,Night,Returns,2557,2524,8183,169.0,96,0
2025-12-20,2025-12-15,2025-12,Day,Inbound,3072,3018,9829,109.0,44,0
2025-12-20,2025-12-15,2025-12,Night,Inbound,2661,2636,8516,96.0,34,0
2025-12-20,2025-12-15,2025-12,Day,Pick,3322,3278,10629,87.8,39,0
2025-12-20,2025-12-15,2025-12,Night,Pick,4098,4045,13113,114.5,43,0
2025-12-20,2025-12-15,2025-12,Day,Pack,3965,3950,12688,85.1,30,0
2025-12-20,2025-12-15,2025-12,Night,Pack,5387,5375,17239,146.9,49,0
2025-12-20,2025-12-15,2025-12,Day,Ship,2882,2869,9224,90.3,27,0
2025-12-20,2025-12-15,2025-12,Night,Ship,3686,3665,11794,122.1,35,0
2025-12-20,2025-12-15,2025-12,Day,Returns,1967,1940,6293,90.5,74,0
2025-12-20,2025-12-15,2025-12,Night,Returns,1852,1817,5925,108.9,124,0
2025-12-21,2025-12-15,2025-12,Day,Inbound,3934,3887,12590,129.8,31,0
2025-12-21,2025-12-15,2025-12,Night,Inbound,3525,3481,11280,138.7,49,0
2025-12-21,2025-12-15,2025-12,Day,Pick,3069,3039,9821,82.2,21,0
2025-12-21,2025-12-15,2025-12,Night,Pick,3571,3548,11427,104.4,36,0
2025-12-21,2025-12-15,2025-12,Day,Pack,4285,4244,13711,93.3,37,0
2025-12-21,2025-12-15,2025-12,Night,Pack,4410,4410,14111,103.5,23,0
2025-12-21,2025-12-15,2025-12,Day,Ship,2962,2940,9478,79.0,35,0
2025-12-21,2025-12-15,2025-12,Night,Ship,2783,2763,8906,93.3,30,0
2025-12-21,2025-12-15,2025-12,Day,Returns,2928,2866,9369,135.0,89,0
2025-12-21,2025-12-15,2025-12,Night,Returns,1595,1563,5103,120.2,87,0
2025-12-22,2025-12-22,2025-12,Day,Inbound,3588,3568,11482,110.3,45,0
2025-12-22,2025-12-22,2025-12,Night,Inbound,3706,3664,11859,142.6,41,0
2025-12-22,2025-12-22,2025-12,Day,Pick,3631,3610,11618,95.1,21,0
2025-12-22,2025-12-22,2025-12,Night,Pick,4114,4093,13164,127.2,43,0
2025-12-22,2025-12-22,2025-12,Day,Pack,4472,4444,14310,91.7,16,0
2025-12-22,2025-12-22,2025-12,Night,Pack,4022,4011,12870,109.2,30,0
2025-12-22,2025-12-22,2025-12,Day,Ship,5972,5896,19109,176.1,77,0
2025-12-22,2025-12-22,2025-12,Night,Ship,4232,4186,13542,121.3,37,0
2025-12-22,2025-12-22,2025-12,Day,Returns,2181,2139,6979,95.4,71,0
2025-12-22,2025-12-22,2025-12,Night,Returns,1592,1563,5095,93.4,57,0
2025-12-23,2025-12-22,2025-12,Day,Inbound,4166,4145,13331,155.5,51,0
2025-12-23,2025-12-22,2025-12,Night,Inbound,3049,3037,9758,111.9,26,0
2025-12-23,2025-12-22,2025-12,Day,Pick,7472,7426,23911,175.5,78,0
2025-12-23,2025-12-22,2025-12,Night,Pick,5187,5159,16598,139.6,76,0
2025-12-23,2025-12-22,2025-12,Day,Pack,7299,7266,23357,177.7,33,0
2025-12-23,2025-12-22,2025-12,Night,Pack,6037,6008,19318,167.2,55,0
2025-12-23,2025-12-22,2025-12,Day,Ship,4517,4498,14455,136.6,42,0
2025-12-23,2025-12-22,2025-12,Night,Ship,3253,3191,10410,102.0,26,0
2025-12-23,2025-12-22,2025-12,Day,Returns,2832,2760,9064,125.1,53,0
2025-12-23,2025-12-22,2025-12,Night,Returns,2316,2275,7412,137.7,144,0
2025-12-24,2025-12-22,2025-12,Day,Inbound,3015,2986,9649,107.1,23,0
2025-12-24,2025-12-22,2025-12,Night,Inbound,2881,2866,9220,108.1,45,0
2025-12-24,2025-12-22,2025-12,Day,Pick,5956,5946,19058,153.1,67,0
2025-12-24,2025-12-22,2025-12,Night,Pick,5296,5266,16948,140.6,44,0
2025-12-24,2025-12-22,2025-12,Day,Pack,8059,8042,25788,176.0,51,0
2025-12-24,2025-12-22,2025-12,Night,Pack,6571,6518,21027,174.7,67,0
2025-12-24,2025-12-22,2025-12,Day,Ship,5379,5372,17213,157.4,46,0
2025-12-24,2025-12-22,2025-12,Night,Ship,5151,5119,16483,177.8,52,0
2025-12-24,2025-12-22,2025-12,Day,Returns,3429,3389,10972,177.4,109,0
2025-12-24,2025-12-22,2025-12,Night,Returns,2521,2470,8067,176.7,112,0
2025-12-25,2025-12-22,2025-12,Day,Inbound,3932,3891,12581,126.8,42,0
2025-12-25,2025-12-22,2025-12,Night,Inbound,3560,3518,11391,147.5,39,0
2025-12-25,2025-12-22,2025-12,Day,Pick,5705,5661,18256,157.1,73,0
2025-12-25,2025-12-22,2025-12,Night,Pick,4131,4102,13218,127.2,45,0
2025-12-25,2025-12-22,2025-12,Day,Pack,4671,4662,14948,103.2,41,0
2025-12-25,2025-12-22,2025-12,Night,Pack,7254,7239,23213,178.6,37,0
2025-12-25,2025-12-22,2025-12,Day,Ship,5238,5201,16763,140.7,46,0
2025-12-25,2025-12-22,2025-12,Night,Ship,5236,5206,16755,176.5,61,0
2025-12-25,2025-12-22,2025-12,Day,Returns,2715,2656,8689,118.6,68,0
2025-12-25,2025-12-22,2025-12,Night,Returns,2166,2125,6931,138.8,79,0
2025-12-26,2025-12-22,2025-12,Day,Inbound,2860,2838,9151,100.6,14,0
2025-12-26,2025-12-22,2025-12,Night,Inbound,2662,2658,8519,95.3,41,0
2025-12-26,2025-12-22,2025-12,Day,Pick,6272,6254,20070,171.0,71,0
2025-12-26,2025-12-22,2025-12,Night,Pick,3972,3927,12711,105.3,27,0
2025-12-26,2025-12-22,2025-12,Day,Pack,6626,6626,21203,160.0,51,0
2025-12-26,2025-12-22,2025-12,Night,Pack,4715,4713,15089,112.1,56,0
2025-12-26,2025-12-22,2025-12,Day,Ship,4800,4767,15361,140.1,56,0
2025-12-26,2025-12-22,2025-12,Night,Ship,2824,2820,9037,101.9,26,0
2025-12-26,2025-12-22,2025-12,Day,Returns,3639,3584,11644,173.7,74,0
2025-12-26,2025-12-22,2025-12,Night,Returns,1464,1438,4685,100.6,67,0
2025-12-27,2025-12-22,2025-12,Day,Inbound,3178,3152,10169,109.9,35,0
2025-12-27,2025-12-22,2025-12,Night,Inbound,3137,3113,10039,111.7,25,0
2025-12-27,2025-12-22,2025-12,Day,Pick,5112,5112,16357,131.6,30,0
2025-12-27,2025-12-22,2025-12,Night,Pick,2874,2849,9197,85.5,28,0
2025-12-27,2025-12-22,2025-12,Day,Pack,4936,4925,15795,108.3,45,0
2025-12-27,2025-12-22,2025-12,Night,Pack,4288,4281,13723,101.1,42,0
2025-12-27,2025-12-22,2025-12,Day,Ship,3924,3909,12556,111.0,35,0
2025-12-27,2025-12-22,2025-12,Night,Ship,4589,4582,14686,141.5,42,0
2025-12-27,2025-12-22,2025-12,Day,Returns,1874,1842,5998,96.1,44,0
2025-12-27,2025-12-22,2025-12,Night,Returns,1931,1907,6179,112.6,74,0
2025-12-28,2025-12-22,2025-12,Day,Inbound,4260,4222,13632,148.7,62,0
2025-12-28,2025-12-22,2025-12,Night,Inbound,3985,3949,12751,144.1,26,0
2025-12-28,2025-12-22,2025-12,Day,Pick,4405,4382,14096,116.2,44,0
2025-12-28,2025-12-22,2025-12,Night,Pick,4117,4090,13175,113.2,25,0
2025-12-28,2025-12-22,2025-12,Day,Pack,4191,4180,13411,95.1,36,0
2025-12-28,2025-12-22,2025-12,Night,Pack,5930,5928,18975,148.6,36,0
2025-12-28,2025-12-22,2025-12,Day,Ship,2990,2962,9569,94.8,27,0
2025-12-28,2025-12-22,2025-12,Night,Ship,2849,2841,9117,94.7,33,1
2025-12-28,2025-12-22,2025-12,Day,Returns,1733,1706,5547,83.8,46,0
2025-12-28,2025-12-22,2025-12,Night,Returns,1202,1180,3845,76.8,46,0
2025-12-29,2025-12-29,2025-12,Day,Inbound,3513,3465,11242,114.3,38,0
2025-12-29,2025-12-29,2025-12,Night,Inbound,4436,4391,14195,164.0,47,0
2025-12-29,2025-12-29,2025-12,Day,Pick,3241,3223,10372,94.3,41,0
2025-12-29,2025-12-29,2025-12,Night,Pick,5418,5414,17336,165.9,30,0
2025-12-29,2025-12-29,2025-12,Day,Pack,4594,4581,14700,93.7,28,0
2025-12-29,2025-12-29,2025-12,Night,Pack,5948,5948,19033,154.8,51,0
2025-12-29,2025-12-29,2025-12,Day,Ship,3652,3628,11685,114.0,37,0
2025-12-29,2025-12-29,2025-12,Night,Ship,4821,4805,15428,156.6,39,0
2025-12-29,2025-12-29,2025-12,Day,Returns,2618,2585,8378,111.4,53,0
2025-12-29,2025-12-29,2025-12,Night,Returns,1710,1678,5471,101.3,70,0
2025-12-30,2025-12-29,2025-12,Day,Inbound,3885,3845,12432,124.0,44,0
2025-12-30,2025-12-29,2025-12,Night,Inbound,2560,2520,8193,101.5,20,0
2025-12-30,2025-12-29,2025-12,Day,Pick,3862,3838,12359,94.7,47,0
2025-12-30,2025-12-29,2025-12,Night,Pick,3213,3204,10283,98.3,41,0
2025-12-30,2025-12-29,2025-12,Day,Pack,5688,5665,18202,126.6,38,0
2025-12-30,2025-12-29,2025-12,Night,Pack,5132,5102,16422,141.3,34,0
2025-12-30,2025-12-29,2025-12,Day,Ship,5778,5711,18490,173.9,67,0
2025-12-30,2025-12-29,2025-12,Night,Ship,3771,3730,12068,108.1,28,0
2025-12-30,2025-12-29,2025-12,Day,Returns,2265,2227,7247,97.3,50,0
2025-12-30,2025-12-29,2025-12,Night,Returns,2576,2525,8243,147.0,119,0
2025-12-31,2025-12-29,2025-12,Day,Inbound,3404,3354,10894,109.5,48,0
2025-12-31,2025-12-29,2025-12,Night,Inbound,4343,4294,13898,152.4,52,0
2025-12-31,2025-12-29,2025-12,Day,Pick,5302,5302,16967,154.8,41,0
2025-12-31,2025-12-29,2025-12,Night,Pick,3941,3939,12610,121.9,58,0
2025-12-31,2025-12-29,2025-12,Day,Pack,5753,5728,18409,140.4,47,0
2025-12-31,2025-12-29,2025-12,Night,Pack,5357,5318,17142,120.8,40,0
2025-12-31,2025-12-29,2025-12,Day,Ship,3224,3196,10316,93.6,27,0
2025-12-31,2025-12-29,2025-12,Night,Ship,3855,3855,12336,140.2,23,0
2025-12-31,2025-12-29,2025-12,Day,Returns,2440,2394,7809,110.3,87,0
2025-12-31,2025-12-29,2025-12,Night,Returns,2519,2473,8062,140.1,114,0
